SQ2,SQ5AA,RQ1A,Q7,Q7A_1_1,Q7A_2_1,Q7A_3_1,Q7A_4_1,Q7A_5_1,Q7A_6_1,Q7A_7_1,Q7A_8_1,Q7A_9_1,Q7A_10_1,Q7A_11_1,Q7A_12_1,Q7A_13_1,Q7A_14_1,Q7A_15_1,Q7A_16_1,Q7A_17_1,Q7A_18_1,Q7A_19_1,Q7A_20_1,Q7A_21_1,Q7A_22_1,Q7A_23_1,Q7A_24_1,Q7A_25_1,Q7A_26_1,Q7A_27_1,Q7A_28_1,Q7A_29_1,Q7A_30_1,Q7A_31_1,Q7A_32_1,Q7A_33_1,Q7A_34_1,Q7A_35_1,Q7A_36_1,Q7A_37_1,Q7A_38_1,Q7A_39_1,Q7A_40_1
40,2,4.0,0,,,,,,,,,,,,,,,,,,,,,,,,,,,,,,,,,,,,,,,,
52,5,2.0,3,9.0,6.0,6.0,,,,,,,,,,,,,,,,,,,,,,,,,,,,,,,,,,,,,
52,2,3.0,3,6.0,8.0,9.0,,,,,,,,,,,,,,,,,,,,,,,,,,,,,,,,,,,,,
55,2,6.0,2,9.0,8.0,,,,,,,,,,,,,,,,,,,,,,,,,,,,,,,,,,,,,,
27,2,2.0,1,6.0,,,,,,,,,,,,,,,,,,,,,,,,,,,,,,,,,,,,,,,
50,5,5.0,8,8.0,5.0,8.0,7.0,6.0,7.0,7.0,8.0,,,,,,,,,,,,,,,,,,,,,,,,,,,,,,,,
53,5,3.0,2,9.0,6.0,,,,,,,,,,,,,,,,,,,,,,,,,,,,,,,,,,,,,,
51,2,4.0,0,,,,,,,,,,,,,,,,,,,,,,,,,,,,,,,,,,,,,,,,
39,2,3.0,3,10.0,12.0,10.0,,,,,,,,,,,,,,,,,,,,,,,,,,,,,,,,,,,,,
38,2,4.0,6,7.0,4.0,8.0,7.0,7.0,7.0,,,,,,,,,,,,,,,,,,,,,,,,,,,,,,,,,,
28,2,5.0,5,7.0,7.0,6.0,6.0,10.0,,,,,,,,,,,,,,,,,,,,,,,,,,,,,,,,,,,
42,5,3.0,3,7.0,8.0,8.0,,,,,,,,,,,,,,,,,,,,,,,,,,,,,,,,,,,,,
56,2,3.0,2,10.0,7.0,,,,,,,,,,,,,,,,,,,,,,,,,,,,,,,,,,,,,,
46,2,4.0,3,8.0,7.0,6.0,,,,,,,,,,,,,,,,,,,,,,,,,,,,,,,,,,,,,
38,2,6.0,3,7.0,7.0,7.0,,,,,,,,,,,,,,,,,,,,,,,,,,,,,,,,,,,,,
50,2,4.0,6,8.0,11.0,7.0,6.0,7.0,7.0,,,,,,,,,,,,,,,,,,,,,,,,,,,,,,,,,,
50,5,5.0,3,9.0,8.0,8.0,,,,,,,,,,,,,,,,,,,,,,,,,,,,,,,,,,,,,
61,2,2.0,3,10.0,10.0,10.0,,,,,,,,,,,,,,,,,,,,,,,,,,,,,,,,,,,,,
29,2,3.0,2,7.0,9.0,,,,,,,,,,,,,,,,,,,,,,,,,,,,,,,,,,,,,,
40,5,2.0,3,1.0,2.0,7.0,,,,,,,,,,,,,,,,,,,,,,,,,,,,,,,,,,,,,
45,2,2.0,2,8.0,3.0,,,,,,,,,,,,,,,,,,,,,,,,,,,,,,,,,,,,,,
45,5,5.0,1,11.0,,,,,,,,,,,,,,,,,,,,,,,,,,,,,,,,,,,,,,,
50,2,2.0,2,9.0,6.0,,,,,,,,,,,,,,,,,,,,,,,,,,,,,,,,,,,,,,
31,5,5.0,20,9.0,8.0,8.0,8.0,7.0,7.0,7.0,7.0,6.0,6.0,6.0,6.0,9.0,7.0,7.0,7.0,7.0,10.0,10.0,7.0,,,,,,,,,,,,,,,,,,,,
51,2,6.0,3,9.0,9.0,9.0,,,,,,,,,,,,,,,,,,,,,,,,,,,,,,,,,,,,,
63,2,5.0,6,11.0,12.0,11.0,11.0,11.0,12.0,,,,,,,,,,,,,,,,,,,,,,,,,,,,,,,,,,
41,5,5.0,5,7.0,7.0,6.0,6.0,6.0,,,,,,,,,,,,,,,,,,,,,,,,,,,,,,,,,,,
33,5,6.0,1,7.0,,,,,,,,,,,,,,,,,,,,,,,,,,,,,,,,,,,,,,,
46,2,3.0,0,,,,,,,,,,,,,,,,,,,,,,,,,,,,,,,,,,,,,,,,
48,2,4.0,0,,,,,,,,,,,,,,,,,,,,,,,,,,,,,,,,,,,,,,,,
51,2,4.0,2,3.0,9.0,,,,,,,,,,,,,,,,,,,,,,,,,,,,,,,,,,,,,,
63,2,5.0,2,9.0,7.0,,,,,,,,,,,,,,,,,,,,,,,,,,,,,,,,,,,,,,
39,5,5.0,3,7.0,7.0,7.0,,,,,,,,,,,,,,,,,,,,,,,,,,,,,,,,,,,,,
42,2,3.0,3,8.0,8.0,11.0,,,,,,,,,,,,,,,,,,,,,,,,,,,,,,,,,,,,,
51,2,,2,10.0,5.0,,,,,,,,,,,,,,,,,,,,,,,,,,,,,,,,,,,,,,
50,2,3.0,2,8.0,8.0,,,,,,,,,,,,,,,,,,,,,,,,,,,,,,,,,,,,,,
39,2,2.0,1,7.0,,,,,,,,,,,,,,,,,,,,,,,,,,,,,,,,,,,,,,,
57,5,4.0,3,6.0,7.0,9.0,,,,,,,,,,,,,,,,,,,,,,,,,,,,,,,,,,,,,
32,2,2.0,2,9.0,9.0,,,,,,,,,,,,,,,,,,,,,,,,,,,,,,,,,,,,,,
52,2,3.0,3,9.0,6.0,6.0,,,,,,,,,,,,,,,,,,,,,,,,,,,,,,,,,,,,,
47,5,6.0,0,,,,,,,,,,,,,,,,,,,,,,,,,,,,,,,,,,,,,,,,
67,5,,0,,,,,,,,,,,,,,,,,,,,,,,,,,,,,,,,,,,,,,,,
42,2,3.0,6,10.0,8.0,3.0,3.0,8.0,6.0,,,,,,,,,,,,,,,,,,,,,,,,,,,,,,,,,,
34,2,2.0,2,6.0,7.0,,,,,,,,,,,,,,,,,,,,,,,,,,,,,,,,,,,,,,
50,5,6.0,1,9.0,,,,,,,,,,,,,,,,,,,,,,,,,,,,,,,,,,,,,,,
69,5,6.0,1,9.0,,,,,,,,,,,,,,,,,,,,,,,,,,,,,,,,,,,,,,,
42,5,6.0,1,8.0,,,,,,,,,,,,,,,,,,,,,,,,,,,,,,,,,,,,,,,
27,2,3.0,1,6.0,,,,,,,,,,,,,,,,,,,,,,,,,,,,,,,,,,,,,,,
59,2,4.0,8,12.0,12.0,9.0,8.0,7.0,8.0,8.0,8.0,,,,,,,,,,,,,,,,,,,,,,,,,,,,,,,,
56,5,6.0,2,9.0,6.0,,,,,,,,,,,,,,,,,,,,,,,,,,,,,,,,,,,,,,
42,2,6.0,0,,,,,,,,,,,,,,,,,,,,,,,,,,,,,,,,,,,,,,,,
44,5,6.0,5,3.0,8.0,6.0,7.0,7.0,,,,,,,,,,,,,,,,,,,,,,,,,,,,,,,,,,,
46,2,6.0,5,8.0,11.0,7.0,8.0,6.0,,,,,,,,,,,,,,,,,,,,,,,,,,,,,,,,,,,
49,2,3.0,3,6.0,5.0,9.0,,,,,,,,,,,,,,,,,,,,,,,,,,,,,,,,,,,,,
55,2,4.0,2,6.0,6.0,,,,,,,,,,,,,,,,,,,,,,,,,,,,,,,,,,,,,,
64,2,3.0,1,10.0,,,,,,,,,,,,,,,,,,,,,,,,,,,,,,,,,,,,,,,
32,5,6.0,5,7.0,7.0,9.0,10.0,7.0,,,,,,,,,,,,,,,,,,,,,,,,,,,,,,,,,,,
50,2,3.0,5,12.0,12.0,9.0,6.0,6.0,,,,,,,,,,,,,,,,,,,,,,,,,,,,,,,,,,,
44,2,4.0,3,8.0,3.0,3.0,,,,,,,,,,,,,,,,,,,,,,,,,,,,,,,,,,,,,
51,5,5.0,3,9.0,10.0,9.0,,,,,,,,,,,,,,,,,,,,,,,,,,,,,,,,,,,,,
29,5,5.0,5,9.0,9.0,6.0,6.0,6.0,,,,,,,,,,,,,,,,,,,,,,,,,,,,,,,,,,,
60,2,3.0,3,10.0,10.0,10.0,,,,,,,,,,,,,,,,,,,,,,,,,,,,,,,,,,,,,
59,5,6.0,1,9.0,,,,,,,,,,,,,,,,,,,,,,,,,,,,,,,,,,,,,,,
49,2,3.0,3,8.0,6.0,5.0,,,,,,,,,,,,,,,,,,,,,,,,,,,,,,,,,,,,,
56,2,2.0,3,9.0,7.0,7.0,,,,,,,,,,,,,,,,,,,,,,,,,,,,,,,,,,,,,
64,2,2.0,2,10.0,10.0,,,,,,,,,,,,,,,,,,,,,,,,,,,,,,,,,,,,,,
52,5,5.0,8,6.0,6.0,8.0,9.0,10.0,9.0,9.0,9.0,,,,,,,,,,,,,,,,,,,,,,,,,,,,,,,,
56,5,5.0,2,9.0,9.0,,,,,,,,,,,,,,,,,,,,,,,,,,,,,,,,,,,,,,
30,2,3.0,1,7.0,,,,,,,,,,,,,,,,,,,,,,,,,,,,,,,,,,,,,,,
26,2,5.0,10,8.0,9.0,5.0,7.0,6.0,7.0,7.0,7.0,9.0,10.0,,,,,,,,,,,,,,,,,,,,,,,,,,,,,,
39,5,6.0,2,7.0,7.0,,,,,,,,,,,,,,,,,,,,,,,,,,,,,,,,,,,,,,
51,5,4.0,2,9.0,9.0,,,,,,,,,,,,,,,,,,,,,,,,,,,,,,,,,,,,,,
29,5,5.0,2,10.0,9.0,,,,,,,,,,,,,,,,,,,,,,,,,,,,,,,,,,,,,,
52,2,5.0,1,9.0,,,,,,,,,,,,,,,,,,,,,,,,,,,,,,,,,,,,,,,
29,5,3.0,3,10.0,9.0,6.0,,,,,,,,,,,,,,,,,,,,,,,,,,,,,,,,,,,,,
51,2,6.0,2,9.0,6.0,,,,,,,,,,,,,,,,,,,,,,,,,,,,,,,,,,,,,,
59,5,6.0,2,9.0,9.0,,,,,,,,,,,,,,,,,,,,,,,,,,,,,,,,,,,,,,
67,5,3.0,5,10.0,7.0,8.0,3.0,2.0,,,,,,,,,,,,,,,,,,,,,,,,,,,,,,,,,,,
55,5,5.0,0,,,,,,,,,,,,,,,,,,,,,,,,,,,,,,,,,,,,,,,,
61,5,5.0,5,7.0,8.0,7.0,9.0,9.0,,,,,,,,,,,,,,,,,,,,,,,,,,,,,,,,,,,
57,2,4.0,1,10.0,,,,,,,,,,,,,,,,,,,,,,,,,,,,,,,,,,,,,,,
47,2,2.0,2,9.0,3.0,,,,,,,,,,,,,,,,,,,,,,,,,,,,,,,,,,,,,,
44,2,,1,8.0,,,,,,,,,,,,,,,,,,,,,,,,,,,,,,,,,,,,,,,
51,5,5.0,6,10.0,9.0,9.0,10.0,11.0,8.0,,,,,,,,,,,,,,,,,,,,,,,,,,,,,,,,,,
42,2,2.0,7,8.0,3.0,3.0,9.0,8.0,8.0,8.0,,,,,,,,,,,,,,,,,,,,,,,,,,,,,,,,,
58,2,6.0,1,9.0,,,,,,,,,,,,,,,,,,,,,,,,,,,,,,,,,,,,,,,
28,2,4.0,3,10.0,9.0,6.0,,,,,,,,,,,,,,,,,,,,,,,,,,,,,,,,,,,,,
43,5,3.0,1,8.0,,,,,,,,,,,,,,,,,,,,,,,,,,,,,,,,,,,,,,,
61,5,4.0,2,10.0,7.0,,,,,,,,,,,,,,,,,,,,,,,,,,,,,,,,,,,,,,
32,5,6.0,0,,,,,,,,,,,,,,,,,,,,,,,,,,,,,,,,,,,,,,,,
64,2,,0,,,,,,,,,,,,,,,,,,,,,,,,,,,,,,,,,,,,,,,,
46,5,5.0,1,8.0,,,,,,,,,,,,,,,,,,,,,,,,,,,,,,,,,,,,,,,
53,2,3.0,2,9.0,9.0,,,,,,,,,,,,,,,,,,,,,,,,,,,,,,,,,,,,,,
65,2,6.0,2,10.0,8.0,,,,,,,,,,,,,,,,,,,,,,,,,,,,,,,,,,,,,,
30,5,5.0,9,7.0,7.0,7.0,7.0,7.0,7.0,7.0,7.0,7.0,,,,,,,,,,,,,,,,,,,,,,,,,,,,,,,
26,5,6.0,2,6.0,6.0,,,,,,,,,,,,,,,,,,,,,,,,,,,,,,,,,,,,,,
67,5,,0,,,,,,,,,,,,,,,,,,,,,,,,,,,,,,,,,,,,,,,,
41,5,2.0,2,10.0,8.0,,,,,,,,,,,,,,,,,,,,,,,,,,,,,,,,,,,,,,
56,5,4.0,2,9.0,10.0,,,,,,,,,,,,,,,,,,,,,,,,,,,,,,,,,,,,,,
60,5,2.0,2,9.0,7.0,,,,,,,,,,,,,,,,,,,,,,,,,,,,,,,,,,,,,,
51,5,4.0,10,9.0,8.0,8.0,9.0,9.0,9.0,9.0,9.0,8.0,8.0,,,,,,,,,,,,,,,,,,,,,,,,,,,,,,
31,2,3.0,2,10.0,10.0,,,,,,,,,,,,,,,,,,,,,,,,,,,,,,,,,,,,,,
39,5,6.0,5,7.0,8.0,7.0,8.0,7.0,,,,,,,,,,,,,,,,,,,,,,,,,,,,,,,,,,,
69,5,2.0,1,11.0,,,,,,,,,,,,,,,,,,,,,,,,,,,,,,,,,,,,,,,
22,2,2.0,4,8.0,8.0,6.0,5.0,,,,,,,,,,,,,,,,,,,,,,,,,,,,,,,,,,,,
63,5,,1,10.0,,,,,,,,,,,,,,,,,,,,,,,,,,,,,,,,,,,,,,,
44,2,2.0,5,9.0,8.0,8.0,8.0,9.0,,,,,,,,,,,,,,,,,,,,,,,,,,,,,,,,,,,
52,5,4.0,0,,,,,,,,,,,,,,,,,,,,,,,,,,,,,,,,,,,,,,,,
27,5,6.0,4,6.0,7.0,7.0,7.0,,,,,,,,,,,,,,,,,,,,,,,,,,,,,,,,,,,,
41,5,6.0,2,7.0,7.0,,,,,,,,,,,,,,,,,,,,,,,,,,,,,,,,,,,,,,
34,2,4.0,7,7.0,6.0,9.0,8.0,7.0,7.0,7.0,,,,,,,,,,,,,,,,,,,,,,,,,,,,,,,,,
29,2,4.0,4,9.0,9.0,7.0,7.0,,,,,,,,,,,,,,,,,,,,,,,,,,,,,,,,,,,,
37,2,3.0,4,10.0,7.0,10.0,7.0,,,,,,,,,,,,,,,,,,,,,,,,,,,,,,,,,,,,
56,2,6.0,2,6.0,9.0,,,,,,,,,,,,,,,,,,,,,,,,,,,,,,,,,,,,,,
54,5,3.0,5,9.0,9.0,9.0,9.0,9.0,,,,,,,,,,,,,,,,,,,,,,,,,,,,,,,,,,,
54,5,5.0,0,,,,,,,,,,,,,,,,,,,,,,,,,,,,,,,,,,,,,,,,
35,5,2.0,3,7.0,1.0,2.0,,,,,,,,,,,,,,,,,,,,,,,,,,,,,,,,,,,,,
43,5,5.0,2,10.0,9.0,,,,,,,,,,,,,,,,,,,,,,,,,,,,,,,,,,,,,,
68,2,6.0,3,10.0,9.0,7.0,,,,,,,,,,,,,,,,,,,,,,,,,,,,,,,,,,,,,
25,2,3.0,1,9.0,,,,,,,,,,,,,,,,,,,,,,,,,,,,,,,,,,,,,,,
41,2,2.0,0,,,,,,,,,,,,,,,,,,,,,,,,,,,,,,,,,,,,,,,,
49,2,5.0,4,6.0,6.0,9.0,9.0,,,,,,,,,,,,,,,,,,,,,,,,,,,,,,,,,,,,
54,5,6.0,2,9.0,6.0,,,,,,,,,,,,,,,,,,,,,,,,,,,,,,,,,,,,,,
41,5,6.0,1,8.0,,,,,,,,,,,,,,,,,,,,,,,,,,,,,,,,,,,,,,,
52,2,5.0,3,8.0,5.0,4.0,,,,,,,,,,,,,,,,,,,,,,,,,,,,,,,,,,,,,
48,5,2.0,2,10.0,9.0,,,,,,,,,,,,,,,,,,,,,,,,,,,,,,,,,,,,,,
53,2,4.0,15,9.0,8.0,9.0,7.0,6.0,7.0,7.0,9.0,8.0,10.0,10.0,9.0,9.0,7.0,8.0,,,,,,,,,,,,,,,,,,,,,,,,,
43,2,6.0,5,10.0,3.0,2.0,7.0,9.0,,,,,,,,,,,,,,,,,,,,,,,,,,,,,,,,,,,
52,5,3.0,3,9.0,12.0,12.0,,,,,,,,,,,,,,,,,,,,,,,,,,,,,,,,,,,,,
32,2,2.0,0,,,,,,,,,,,,,,,,,,,,,,,,,,,,,,,,,,,,,,,,
69,2,3.0,3,6.0,7.0,8.0,,,,,,,,,,,,,,,,,,,,,,,,,,,,,,,,,,,,,
45,5,6.0,2,8.0,9.0,,,,,,,,,,,,,,,,,,,,,,,,,,,,,,,,,,,,,,
52,2,5.0,6,9.0,6.0,12.0,3.0,4.0,5.0,,,,,,,,,,,,,,,,,,,,,,,,,,,,,,,,,,
31,5,2.0,1,7.0,,,,,,,,,,,,,,,,,,,,,,,,,,,,,,,,,,,,,,,
29,5,4.0,2,9.0,9.0,,,,,,,,,,,,,,,,,,,,,,,,,,,,,,,,,,,,,,
40,2,3.0,0,,,,,,,,,,,,,,,,,,,,,,,,,,,,,,,,,,,,,,,,
63,2,6.0,3,10.0,10.0,10.0,,,,,,,,,,,,,,,,,,,,,,,,,,,,,,,,,,,,,
32,2,,0,,,,,,,,,,,,,,,,,,,,,,,,,,,,,,,,,,,,,,,,
70,2,3.0,4,11.0,9.0,9.0,8.0,,,,,,,,,,,,,,,,,,,,,,,,,,,,,,,,,,,,
28,5,,2,9.0,6.0,,,,,,,,,,,,,,,,,,,,,,,,,,,,,,,,,,,,,,
56,5,4.0,10,10.0,9.0,8.0,8.0,9.0,10.0,7.0,9.0,7.0,9.0,,,,,,,,,,,,,,,,,,,,,,,,,,,,,,
52,2,2.0,10,7.0,7.0,7.0,7.0,7.0,7.0,7.0,7.0,7.0,7.0,,,,,,,,,,,,,,,,,,,,,,,,,,,,,,
41,5,5.0,4,8.0,8.0,8.0,8.0,,,,,,,,,,,,,,,,,,,,,,,,,,,,,,,,,,,,
27,2,6.0,2,8.0,6.0,,,,,,,,,,,,,,,,,,,,,,,,,,,,,,,,,,,,,,
24,2,4.0,1,6.0,,,,,,,,,,,,,,,,,,,,,,,,,,,,,,,,,,,,,,,
29,2,5.0,2,6.0,6.0,,,,,,,,,,,,,,,,,,,,,,,,,,,,,,,,,,,,,,
45,5,6.0,2,4.0,5.0,,,,,,,,,,,,,,,,,,,,,,,,,,,,,,,,,,,,,,
45,2,3.0,4,9.0,8.0,6.0,5.0,,,,,,,,,,,,,,,,,,,,,,,,,,,,,,,,,,,,
65,5,5.0,3,10.0,12.0,7.0,,,,,,,,,,,,,,,,,,,,,,,,,,,,,,,,,,,,,
53,2,2.0,2,9.0,6.0,,,,,,,,,,,,,,,,,,,,,,,,,,,,,,,,,,,,,,
61,2,3.0,0,,,,,,,,,,,,,,,,,,,,,,,,,,,,,,,,,,,,,,,,
60,5,3.0,3,10.0,9.0,9.0,,,,,,,,,,,,,,,,,,,,,,,,,,,,,,,,,,,,,
28,5,3.0,3,6.0,6.0,6.0,,,,,,,,,,,,,,,,,,,,,,,,,,,,,,,,,,,,,
50,5,5.0,1,11.0,,,,,,,,,,,,,,,,,,,,,,,,,,,,,,,,,,,,,,,
52,5,6.0,2,8.0,3.0,,,,,,,,,,,,,,,,,,,,,,,,,,,,,,,,,,,,,,
43,5,2.0,1,8.0,,,,,,,,,,,,,,,,,,,,,,,,,,,,,,,,,,,,,,,
47,2,2.0,3,8.0,5.0,4.0,,,,,,,,,,,,,,,,,,,,,,,,,,,,,,,,,,,,,
65,2,5.0,2,10.0,10.0,,,,,,,,,,,,,,,,,,,,,,,,,,,,,,,,,,,,,,
21,2,3.0,5,6.0,6.0,6.0,6.0,6.0,,,,,,,,,,,,,,,,,,,,,,,,,,,,,,,,,,,
48,2,2.0,3,9.0,5.0,6.0,,,,,,,,,,,,,,,,,,,,,,,,,,,,,,,,,,,,,
56,2,6.0,5,6.0,9.0,9.0,7.0,6.0,,,,,,,,,,,,,,,,,,,,,,,,,,,,,,,,,,,
62,2,4.0,2,10.0,10.0,,,,,,,,,,,,,,,,,,,,,,,,,,,,,,,,,,,,,,
45,5,6.0,4,8.0,5.0,4.0,7.0,,,,,,,,,,,,,,,,,,,,,,,,,,,,,,,,,,,,
59,2,5.0,3,10.0,7.0,7.0,,,,,,,,,,,,,,,,,,,,,,,,,,,,,,,,,,,,,
25,5,6.0,3,7.0,6.0,6.0,,,,,,,,,,,,,,,,,,,,,,,,,,,,,,,,,,,,,
43,2,2.0,1,4.0,,,,,,,,,,,,,,,,,,,,,,,,,,,,,,,,,,,,,,,
48,5,6.0,2,8.0,8.0,,,,,,,,,,,,,,,,,,,,,,,,,,,,,,,,,,,,,,
27,5,6.0,5,9.0,9.0,7.0,7.0,6.0,,,,,,,,,,,,,,,,,,,,,,,,,,,,,,,,,,,
56,5,5.0,5,6.0,8.0,8.0,8.0,9.0,,,,,,,,,,,,,,,,,,,,,,,,,,,,,,,,,,,
45,2,6.0,3,10.0,10.0,8.0,,,,,,,,,,,,,,,,,,,,,,,,,,,,,,,,,,,,,
30,5,6.0,0,,,,,,,,,,,,,,,,,,,,,,,,,,,,,,,,,,,,,,,,
47,5,4.0,10,10.0,10.0,7.0,10.0,9.0,7.0,9.0,9.0,10.0,10.0,,,,,,,,,,,,,,,,,,,,,,,,,,,,,,
42,2,2.0,0,,,,,,,,,,,,,,,,,,,,,,,,,,,,,,,,,,,,,,,,
40,2,3.0,1,10.0,,,,,,,,,,,,,,,,,,,,,,,,,,,,,,,,,,,,,,,
35,5,6.0,2,8.0,10.0,,,,,,,,,,,,,,,,,,,,,,,,,,,,,,,,,,,,,,
48,5,2.0,5,8.0,4.0,3.0,9.0,7.0,,,,,,,,,,,,,,,,,,,,,,,,,,,,,,,,,,,
40,5,3.0,3,8.0,3.0,3.0,,,,,,,,,,,,,,,,,,,,,,,,,,,,,,,,,,,,,
37,2,3.0,1,10.0,,,,,,,,,,,,,,,,,,,,,,,,,,,,,,,,,,,,,,,
67,5,3.0,4,9.0,9.0,10.0,10.0,,,,,,,,,,,,,,,,,,,,,,,,,,,,,,,,,,,,
60,5,2.0,5,2.0,2.0,3.0,8.0,10.0,,,,,,,,,,,,,,,,,,,,,,,,,,,,,,,,,,,
52,2,5.0,2,9.0,8.0,,,,,,,,,,,,,,,,,,,,,,,,,,,,,,,,,,,,,,
64,2,2.0,2,10.0,8.0,,,,,,,,,,,,,,,,,,,,,,,,,,,,,,,,,,,,,,
35,5,4.0,2,8.0,10.0,,,,,,,,,,,,,,,,,,,,,,,,,,,,,,,,,,,,,,
37,2,6.0,0,,,,,,,,,,,,,,,,,,,,,,,,,,,,,,,,,,,,,,,,
63,2,4.0,3,10.0,7.0,7.0,,,,,,,,,,,,,,,,,,,,,,,,,,,,,,,,,,,,,
49,5,4.0,3,11.0,3.0,9.0,,,,,,,,,,,,,,,,,,,,,,,,,,,,,,,,,,,,,
46,5,6.0,3,8.0,4.0,3.0,,,,,,,,,,,,,,,,,,,,,,,,,,,,,,,,,,,,,
43,5,6.0,3,4.0,3.0,8.0,,,,,,,,,,,,,,,,,,,,,,,,,,,,,,,,,,,,,
63,5,,2,7.0,8.0,,,,,,,,,,,,,,,,,,,,,,,,,,,,,,,,,,,,,,
66,2,6.0,1,10.0,,,,,,,,,,,,,,,,,,,,,,,,,,,,,,,,,,,,,,,
54,5,4.0,4,10.0,10.0,10.0,10.0,,,,,,,,,,,,,,,,,,,,,,,,,,,,,,,,,,,,
61,2,4.0,2,6.0,7.0,,,,,,,,,,,,,,,,,,,,,,,,,,,,,,,,,,,,,,
63,5,6.0,7,10.0,7.0,9.0,9.0,10.0,10.0,10.0,,,,,,,,,,,,,,,,,,,,,,,,,,,,,,,,,
56,2,6.0,3,6.0,6.0,7.0,,,,,,,,,,,,,,,,,,,,,,,,,,,,,,,,,,,,,
33,5,6.0,2,10.0,9.0,,,,,,,,,,,,,,,,,,,,,,,,,,,,,,,,,,,,,,
59,5,4.0,6,10.0,7.0,7.0,9.0,10.0,9.0,,,,,,,,,,,,,,,,,,,,,,,,,,,,,,,,,,
42,5,5.0,10,7.0,7.0,8.0,8.0,3.0,8.0,8.0,8.0,8.0,10.0,,,,,,,,,,,,,,,,,,,,,,,,,,,,,,
48,2,4.0,0,,,,,,,,,,,,,,,,,,,,,,,,,,,,,,,,,,,,,,,,
28,5,2.0,2,7.0,7.0,,,,,,,,,,,,,,,,,,,,,,,,,,,,,,,,,,,,,,
32,5,5.0,11,8.0,10.0,7.0,8.0,8.0,9.0,9.0,4.0,7.0,9.0,8.0,,,,,,,,,,,,,,,,,,,,,,,,,,,,,
65,5,6.0,3,10.0,9.0,10.0,,,,,,,,,,,,,,,,,,,,,,,,,,,,,,,,,,,,,
56,2,2.0,10,12.0,9.0,6.0,9.0,9.0,9.0,9.0,9.0,9.0,9.0,,,,,,,,,,,,,,,,,,,,,,,,,,,,,,
54,5,6.0,10,10.0,9.0,9.0,9.0,9.0,9.0,8.0,8.0,8.0,8.0,,,,,,,,,,,,,,,,,,,,,,,,,,,,,,
37,2,4.0,2,10.0,10.0,,,,,,,,,,,,,,,,,,,,,,,,,,,,,,,,,,,,,,
38,5,6.0,3,8.0,8.0,7.0,,,,,,,,,,,,,,,,,,,,,,,,,,,,,,,,,,,,,
41,5,3.0,2,8.0,9.0,,,,,,,,,,,,,,,,,,,,,,,,,,,,,,,,,,,,,,
45,2,4.0,5,8.0,2.0,9.0,6.0,9.0,,,,,,,,,,,,,,,,,,,,,,,,,,,,,,,,,,,
45,2,4.0,2,8.0,3.0,,,,,,,,,,,,,,,,,,,,,,,,,,,,,,,,,,,,,,
46,2,3.0,1,7.0,,,,,,,,,,,,,,,,,,,,,,,,,,,,,,,,,,,,,,,
38,2,6.0,5,8.0,8.0,9.0,7.0,8.0,,,,,,,,,,,,,,,,,,,,,,,,,,,,,,,,,,,
63,2,5.0,5,8.0,10.0,7.0,8.0,10.0,,,,,,,,,,,,,,,,,,,,,,,,,,,,,,,,,,,
67,2,2.0,1,10.0,,,,,,,,,,,,,,,,,,,,,,,,,,,,,,,,,,,,,,,
29,2,6.0,3,7.0,9.0,9.0,,,,,,,,,,,,,,,,,,,,,,,,,,,,,,,,,,,,,
60,2,6.0,0,,,,,,,,,,,,,,,,,,,,,,,,,,,,,,,,,,,,,,,,
69,2,4.0,0,,,,,,,,,,,,,,,,,,,,,,,,,,,,,,,,,,,,,,,,
40,2,4.0,3,8.0,7.0,9.0,,,,,,,,,,,,,,,,,,,,,,,,,,,,,,,,,,,,,
62,5,3.0,3,10.0,9.0,10.0,,,,,,,,,,,,,,,,,,,,,,,,,,,,,,,,,,,,,
49,2,5.0,5,8.0,8.0,3.0,3.0,3.0,,,,,,,,,,,,,,,,,,,,,,,,,,,,,,,,,,,
52,2,6.0,3,4.0,8.0,9.0,,,,,,,,,,,,,,,,,,,,,,,,,,,,,,,,,,,,,
37,2,6.0,0,,,,,,,,,,,,,,,,,,,,,,,,,,,,,,,,,,,,,,,,
69,5,6.0,1,10.0,,,,,,,,,,,,,,,,,,,,,,,,,,,,,,,,,,,,,,,
52,5,3.0,6,9.0,8.0,7.0,8.0,9.0,7.0,,,,,,,,,,,,,,,,,,,,,,,,,,,,,,,,,,
38,2,4.0,4,11.0,11.0,8.0,8.0,,,,,,,,,,,,,,,,,,,,,,,,,,,,,,,,,,,,
31,5,2.0,4,10.0,10.0,7.0,7.0,,,,,,,,,,,,,,,,,,,,,,,,,,,,,,,,,,,,
50,2,5.0,0,,,,,,,,,,,,,,,,,,,,,,,,,,,,,,,,,,,,,,,,
58,2,4.0,2,9.0,7.0,,,,,,,,,,,,,,,,,,,,,,,,,,,,,,,,,,,,,,
23,2,6.0,2,9.0,12.0,,,,,,,,,,,,,,,,,,,,,,,,,,,,,,,,,,,,,,
34,2,5.0,2,8.0,11.0,,,,,,,,,,,,,,,,,,,,,,,,,,,,,,,,,,,,,,
52,2,3.0,2,9.0,6.0,,,,,,,,,,,,,,,,,,,,,,,,,,,,,,,,,,,,,,
36,2,5.0,2,10.0,10.0,,,,,,,,,,,,,,,,,,,,,,,,,,,,,,,,,,,,,,
51,5,6.0,5,8.0,8.0,7.0,9.0,6.0,,,,,,,,,,,,,,,,,,,,,,,,,,,,,,,,,,,
43,2,2.0,3,8.0,8.0,8.0,,,,,,,,,,,,,,,,,,,,,,,,,,,,,,,,,,,,,
65,5,4.0,0,,,,,,,,,,,,,,,,,,,,,,,,,,,,,,,,,,,,,,,,
56,5,5.0,4,9.0,6.0,5.0,9.0,,,,,,,,,,,,,,,,,,,,,,,,,,,,,,,,,,,,
54,5,5.0,2,9.0,7.0,,,,,,,,,,,,,,,,,,,,,,,,,,,,,,,,,,,,,,
36,2,2.0,3,10.0,7.0,7.0,,,,,,,,,,,,,,,,,,,,,,,,,,,,,,,,,,,,,
59,5,6.0,7,9.0,7.0,10.0,10.0,10.0,8.0,8.0,,,,,,,,,,,,,,,,,,,,,,,,,,,,,,,,,
57,2,3.0,1,9.0,,,,,,,,,,,,,,,,,,,,,,,,,,,,,,,,,,,,,,,
39,5,6.0,1,3.0,,,,,,,,,,,,,,,,,,,,,,,,,,,,,,,,,,,,,,,
44,2,3.0,3,8.0,3.0,3.0,,,,,,,,,,,,,,,,,,,,,,,,,,,,,,,,,,,,,
40,2,5.0,2,8.0,8.0,,,,,,,,,,,,,,,,,,,,,,,,,,,,,,,,,,,,,,
52,5,3.0,1,10.0,,,,,,,,,,,,,,,,,,,,,,,,,,,,,,,,,,,,,,,
64,2,3.0,5,11.0,10.0,10.0,10.0,10.0,,,,,,,,,,,,,,,,,,,,,,,,,,,,,,,,,,,
62,2,4.0,5,8.0,9.0,10.0,11.0,7.0,,,,,,,,,,,,,,,,,,,,,,,,,,,,,,,,,,,
48,5,4.0,5,7.0,8.0,6.0,8.0,10.0,,,,,,,,,,,,,,,,,,,,,,,,,,,,,,,,,,,
62,2,3.0,6,8.0,8.0,9.0,9.0,9.0,9.0,,,,,,,,,,,,,,,,,,,,,,,,,,,,,,,,,,
47,2,3.0,4,5.0,5.0,9.0,12.0,,,,,,,,,,,,,,,,,,,,,,,,,,,,,,,,,,,,
52,5,5.0,3,11.0,8.0,6.0,,,,,,,,,,,,,,,,,,,,,,,,,,,,,,,,,,,,,
52,2,6.0,3,8.0,5.0,6.0,,,,,,,,,,,,,,,,,,,,,,,,,,,,,,,,,,,,,
62,2,4.0,0,,,,,,,,,,,,,,,,,,,,,,,,,,,,,,,,,,,,,,,,
51,5,4.0,0,,,,,,,,,,,,,,,,,,,,,,,,,,,,,,,,,,,,,,,,
53,5,5.0,2,9.0,9.0,,,,,,,,,,,,,,,,,,,,,,,,,,,,,,,,,,,,,,
54,2,,1,9.0,,,,,,,,,,,,,,,,,,,,,,,,,,,,,,,,,,,,,,,
51,5,,3,6.0,6.0,6.0,,,,,,,,,,,,,,,,,,,,,,,,,,,,,,,,,,,,,
29,2,3.0,3,10.0,7.0,9.0,,,,,,,,,,,,,,,,,,,,,,,,,,,,,,,,,,,,,
50,5,3.0,0,,,,,,,,,,,,,,,,,,,,,,,,,,,,,,,,,,,,,,,,
44,5,6.0,5,8.0,4.0,3.0,3.0,8.0,,,,,,,,,,,,,,,,,,,,,,,,,,,,,,,,,,,
35,5,6.0,3,7.0,6.0,7.0,,,,,,,,,,,,,,,,,,,,,,,,,,,,,,,,,,,,,
21,2,6.0,2,5.0,7.0,,,,,,,,,,,,,,,,,,,,,,,,,,,,,,,,,,,,,,
34,5,6.0,4,9.0,8.0,7.0,7.0,,,,,,,,,,,,,,,,,,,,,,,,,,,,,,,,,,,,
40,5,2.0,4,2.0,3.0,8.0,7.0,,,,,,,,,,,,,,,,,,,,,,,,,,,,,,,,,,,,
43,5,5.0,10,8.0,7.0,7.0,8.0,8.0,8.0,8.0,8.0,7.0,8.0,,,,,,,,,,,,,,,,,,,,,,,,,,,,,,
53,5,6.0,2,9.0,6.0,,,,,,,,,,,,,,,,,,,,,,,,,,,,,,,,,,,,,,
57,5,2.0,3,9.0,6.0,9.0,,,,,,,,,,,,,,,,,,,,,,,,,,,,,,,,,,,,,
60,5,6.0,10,8.0,6.0,9.0,9.0,8.0,8.0,9.0,7.0,9.0,8.0,,,,,,,,,,,,,,,,,,,,,,,,,,,,,,
26,2,2.0,6,5.0,9.0,9.0,7.0,9.0,6.0,,,,,,,,,,,,,,,,,,,,,,,,,,,,,,,,,,
42,5,2.0,1,9.0,,,,,,,,,,,,,,,,,,,,,,,,,,,,,,,,,,,,,,,
52,5,6.0,3,7.0,8.0,8.0,,,,,,,,,,,,,,,,,,,,,,,,,,,,,,,,,,,,,
66,5,3.0,1,9.0,,,,,,,,,,,,,,,,,,,,,,,,,,,,,,,,,,,,,,,
28,2,5.0,2,8.0,8.0,,,,,,,,,,,,,,,,,,,,,,,,,,,,,,,,,,,,,,
65,5,5.0,4,10.0,9.0,9.0,10.0,,,,,,,,,,,,,,,,,,,,,,,,,,,,,,,,,,,,
59,2,3.0,6,7.0,7.0,6.0,7.0,8.0,7.0,,,,,,,,,,,,,,,,,,,,,,,,,,,,,,,,,,
30,2,2.0,2,2.0,3.0,,,,,,,,,,,,,,,,,,,,,,,,,,,,,,,,,,,,,,
31,2,5.0,1,7.0,,,,,,,,,,,,,,,,,,,,,,,,,,,,,,,,,,,,,,,
33,2,5.0,3,7.0,10.0,10.0,,,,,,,,,,,,,,,,,,,,,,,,,,,,,,,,,,,,,
69,2,4.0,2,9.0,8.0,,,,,,,,,,,,,,,,,,,,,,,,,,,,,,,,,,,,,,
22,5,4.0,0,,,,,,,,,,,,,,,,,,,,,,,,,,,,,,,,,,,,,,,,
51,2,2.0,2,12.0,7.0,,,,,,,,,,,,,,,,,,,,,,,,,,,,,,,,,,,,,,
53,2,4.0,1,9.0,,,,,,,,,,,,,,,,,,,,,,,,,,,,,,,,,,,,,,,
61,5,4.0,6,10.0,8.0,8.0,7.0,11.0,9.0,,,,,,,,,,,,,,,,,,,,,,,,,,,,,,,,,,
51,2,4.0,1,9.0,,,,,,,,,,,,,,,,,,,,,,,,,,,,,,,,,,,,,,,
53,2,4.0,3,9.0,6.0,6.0,,,,,,,,,,,,,,,,,,,,,,,,,,,,,,,,,,,,,
42,2,6.0,3,3.0,3.0,8.0,,,,,,,,,,,,,,,,,,,,,,,,,,,,,,,,,,,,,
47,5,4.0,5,9.0,9.0,9.0,8.0,8.0,,,,,,,,,,,,,,,,,,,,,,,,,,,,,,,,,,,
63,2,3.0,0,,,,,,,,,,,,,,,,,,,,,,,,,,,,,,,,,,,,,,,,
39,2,6.0,2,8.0,8.0,,,,,,,,,,,,,,,,,,,,,,,,,,,,,,,,,,,,,,
63,5,,1,10.0,,,,,,,,,,,,,,,,,,,,,,,,,,,,,,,,,,,,,,,
46,2,3.0,4,5.0,5.0,8.0,11.0,,,,,,,,,,,,,,,,,,,,,,,,,,,,,,,,,,,,
39,2,3.0,4,10.0,10.0,8.0,11.0,,,,,,,,,,,,,,,,,,,,,,,,,,,,,,,,,,,,
41,5,3.0,5,11.0,10.0,7.0,7.0,7.0,,,,,,,,,,,,,,,,,,,,,,,,,,,,,,,,,,,
60,5,6.0,0,,,,,,,,,,,,,,,,,,,,,,,,,,,,,,,,,,,,,,,,
41,2,,1,11.0,,,,,,,,,,,,,,,,,,,,,,,,,,,,,,,,,,,,,,,
64,5,6.0,6,10.0,6.0,10.0,9.0,9.0,9.0,,,,,,,,,,,,,,,,,,,,,,,,,,,,,,,,,,
51,5,5.0,0,,,,,,,,,,,,,,,,,,,,,,,,,,,,,,,,,,,,,,,,
38,5,5.0,7,7.0,8.0,7.0,7.0,8.0,10.0,10.0,,,,,,,,,,,,,,,,,,,,,,,,,,,,,,,,,
32,2,3.0,2,10.0,10.0,,,,,,,,,,,,,,,,,,,,,,,,,,,,,,,,,,,,,,
61,5,4.0,2,9.0,6.0,,,,,,,,,,,,,,,,,,,,,,,,,,,,,,,,,,,,,,
69,2,2.0,8,8.0,8.0,2.0,2.0,7.0,7.0,7.0,7.0,,,,,,,,,,,,,,,,,,,,,,,,,,,,,,,,
63,5,6.0,3,8.0,8.0,7.0,,,,,,,,,,,,,,,,,,,,,,,,,,,,,,,,,,,,,
45,5,6.0,4,9.0,8.0,7.0,8.0,,,,,,,,,,,,,,,,,,,,,,,,,,,,,,,,,,,,
69,5,6.0,20,9.0,10.0,10.0,11.0,10.0,9.0,8.0,10.0,8.0,10.0,9.0,8.0,9.0,10.0,10.0,10.0,10.0,11.0,9.0,10.0,,,,,,,,,,,,,,,,,,,,
67,2,3.0,1,10.0,,,,,,,,,,,,,,,,,,,,,,,,,,,,,,,,,,,,,,,
69,5,3.0,0,,,,,,,,,,,,,,,,,,,,,,,,,,,,,,,,,,,,,,,,
65,2,6.0,4,10.0,10.0,10.0,9.0,,,,,,,,,,,,,,,,,,,,,,,,,,,,,,,,,,,,
48,5,6.0,1,12.0,,,,,,,,,,,,,,,,,,,,,,,,,,,,,,,,,,,,,,,
39,2,5.0,0,,,,,,,,,,,,,,,,,,,,,,,,,,,,,,,,,,,,,,,,
42,2,2.0,4,3.0,8.0,11.0,11.0,,,,,,,,,,,,,,,,,,,,,,,,,,,,,,,,,,,,
39,5,5.0,5,7.0,3.0,3.0,8.0,7.0,,,,,,,,,,,,,,,,,,,,,,,,,,,,,,,,,,,
52,2,3.0,2,8.0,5.0,,,,,,,,,,,,,,,,,,,,,,,,,,,,,,,,,,,,,,
55,2,3.0,1,12.0,,,,,,,,,,,,,,,,,,,,,,,,,,,,,,,,,,,,,,,
67,2,3.0,3,10.0,11.0,10.0,,,,,,,,,,,,,,,,,,,,,,,,,,,,,,,,,,,,,
53,5,4.0,5,9.0,10.0,12.0,9.0,9.0,,,,,,,,,,,,,,,,,,,,,,,,,,,,,,,,,,,
39,5,3.0,0,,,,,,,,,,,,,,,,,,,,,,,,,,,,,,,,,,,,,,,,
49,2,3.0,3,8.0,6.0,5.0,,,,,,,,,,,,,,,,,,,,,,,,,,,,,,,,,,,,,
51,5,2.0,2,11.0,9.0,,,,,,,,,,,,,,,,,,,,,,,,,,,,,,,,,,,,,,
20,5,2.0,0,,,,,,,,,,,,,,,,,,,,,,,,,,,,,,,,,,,,,,,,
54,5,5.0,5,8.0,7.0,9.0,9.0,7.0,,,,,,,,,,,,,,,,,,,,,,,,,,,,,,,,,,,
37,5,4.0,6,7.0,7.0,7.0,7.0,8.0,8.0,,,,,,,,,,,,,,,,,,,,,,,,,,,,,,,,,,
38,2,4.0,2,10.0,10.0,,,,,,,,,,,,,,,,,,,,,,,,,,,,,,,,,,,,,,
59,2,,2,9.0,6.0,,,,,,,,,,,,,,,,,,,,,,,,,,,,,,,,,,,,,,
43,2,4.0,5,1.0,3.0,8.0,10.0,8.0,,,,,,,,,,,,,,,,,,,,,,,,,,,,,,,,,,,
57,5,5.0,10,9.0,6.0,8.0,7.0,9.0,8.0,8.0,7.0,7.0,7.0,,,,,,,,,,,,,,,,,,,,,,,,,,,,,,
57,2,2.0,1,12.0,,,,,,,,,,,,,,,,,,,,,,,,,,,,,,,,,,,,,,,
51,5,4.0,0,,,,,,,,,,,,,,,,,,,,,,,,,,,,,,,,,,,,,,,,
60,2,3.0,0,,,,,,,,,,,,,,,,,,,,,,,,,,,,,,,,,,,,,,,,
29,5,3.0,1,6.0,,,,,,,,,,,,,,,,,,,,,,,,,,,,,,,,,,,,,,,
66,2,6.0,2,9.0,7.0,,,,,,,,,,,,,,,,,,,,,,,,,,,,,,,,,,,,,,
51,2,3.0,2,5.0,4.0,,,,,,,,,,,,,,,,,,,,,,,,,,,,,,,,,,,,,,
43,5,3.0,2,8.0,2.0,,,,,,,,,,,,,,,,,,,,,,,,,,,,,,,,,,,,,,
36,2,6.0,1,7.0,,,,,,,,,,,,,,,,,,,,,,,,,,,,,,,,,,,,,,,
39,2,2.0,1,8.0,,,,,,,,,,,,,,,,,,,,,,,,,,,,,,,,,,,,,,,
53,5,4.0,5,9.0,8.0,5.0,8.0,7.0,,,,,,,,,,,,,,,,,,,,,,,,,,,,,,,,,,,
29,5,,2,12.0,10.0,,,,,,,,,,,,,,,,,,,,,,,,,,,,,,,,,,,,,,
29,5,5.0,1,7.0,,,,,,,,,,,,,,,,,,,,,,,,,,,,,,,,,,,,,,,
37,2,3.0,2,3.0,10.0,,,,,,,,,,,,,,,,,,,,,,,,,,,,,,,,,,,,,,
64,5,6.0,5,9.0,9.0,8.0,9.0,9.0,,,,,,,,,,,,,,,,,,,,,,,,,,,,,,,,,,,
64,2,3.0,2,9.0,9.0,,,,,,,,,,,,,,,,,,,,,,,,,,,,,,,,,,,,,,
63,2,3.0,2,9.0,6.0,,,,,,,,,,,,,,,,,,,,,,,,,,,,,,,,,,,,,,
43,5,2.0,4,7.0,9.0,5.0,4.0,,,,,,,,,,,,,,,,,,,,,,,,,,,,,,,,,,,,
54,5,4.0,10,9.0,8.0,7.0,7.0,8.0,8.0,8.0,7.0,8.0,9.0,,,,,,,,,,,,,,,,,,,,,,,,,,,,,,
52,2,3.0,2,12.0,12.0,,,,,,,,,,,,,,,,,,,,,,,,,,,,,,,,,,,,,,
62,5,5.0,2,11.0,10.0,,,,,,,,,,,,,,,,,,,,,,,,,,,,,,,,,,,,,,
50,5,3.0,2,4.0,5.0,,,,,,,,,,,,,,,,,,,,,,,,,,,,,,,,,,,,,,
44,5,6.0,10,8.0,8.0,8.0,8.0,8.0,6.0,7.0,8.0,8.0,8.0,,,,,,,,,,,,,,,,,,,,,,,,,,,,,,
53,5,3.0,2,9.0,9.0,,,,,,,,,,,,,,,,,,,,,,,,,,,,,,,,,,,,,,
42,2,3.0,7,8.0,8.0,7.0,7.0,9.0,7.0,8.0,,,,,,,,,,,,,,,,,,,,,,,,,,,,,,,,,
55,2,,3,8.0,6.0,5.0,,,,,,,,,,,,,,,,,,,,,,,,,,,,,,,,,,,,,
54,5,5.0,3,4.0,7.0,12.0,,,,,,,,,,,,,,,,,,,,,,,,,,,,,,,,,,,,,
25,5,6.0,4,8.0,7.0,7.0,6.0,,,,,,,,,,,,,,,,,,,,,,,,,,,,,,,,,,,,
55,5,2.0,2,9.0,9.0,,,,,,,,,,,,,,,,,,,,,,,,,,,,,,,,,,,,,,
39,5,4.0,2,7.0,3.0,,,,,,,,,,,,,,,,,,,,,,,,,,,,,,,,,,,,,,
30,2,6.0,1,7.0,,,,,,,,,,,,,,,,,,,,,,,,,,,,,,,,,,,,,,,
47,5,6.0,0,,,,,,,,,,,,,,,,,,,,,,,,,,,,,,,,,,,,,,,,
64,5,3.0,4,9.0,10.0,10.0,10.0,,,,,,,,,,,,,,,,,,,,,,,,,,,,,,,,,,,,
34,2,,2,7.0,7.0,,,,,,,,,,,,,,,,,,,,,,,,,,,,,,,,,,,,,,
31,5,6.0,5,8.0,7.0,6.0,9.0,7.0,,,,,,,,,,,,,,,,,,,,,,,,,,,,,,,,,,,
51,5,5.0,1,9.0,,,,,,,,,,,,,,,,,,,,,,,,,,,,,,,,,,,,,,,
38,5,2.0,0,,,,,,,,,,,,,,,,,,,,,,,,,,,,,,,,,,,,,,,,
32,5,3.0,1,6.0,,,,,,,,,,,,,,,,,,,,,,,,,,,,,,,,,,,,,,,
51,5,4.0,6,9.0,7.0,6.0,8.0,6.0,6.0,,,,,,,,,,,,,,,,,,,,,,,,,,,,,,,,,,
66,5,5.0,5,7.0,9.0,8.0,8.0,9.0,,,,,,,,,,,,,,,,,,,,,,,,,,,,,,,,,,,
58,2,5.0,0,,,,,,,,,,,,,,,,,,,,,,,,,,,,,,,,,,,,,,,,
55,5,2.0,2,6.0,6.0,,,,,,,,,,,,,,,,,,,,,,,,,,,,,,,,,,,,,,
54,2,4.0,4,9.0,9.0,9.0,9.0,,,,,,,,,,,,,,,,,,,,,,,,,,,,,,,,,,,,
53,2,2.0,0,,,,,,,,,,,,,,,,,,,,,,,,,,,,,,,,,,,,,,,,
46,2,6.0,0,,,,,,,,,,,,,,,,,,,,,,,,,,,,,,,,,,,,,,,,
42,5,4.0,6,8.0,8.0,8.0,8.0,7.0,6.0,,,,,,,,,,,,,,,,,,,,,,,,,,,,,,,,,,
61,5,5.0,1,10.0,,,,,,,,,,,,,,,,,,,,,,,,,,,,,,,,,,,,,,,
51,5,2.0,3,9.0,5.0,11.0,,,,,,,,,,,,,,,,,,,,,,,,,,,,,,,,,,,,,
63,5,3.0,2,8.0,10.0,,,,,,,,,,,,,,,,,,,,,,,,,,,,,,,,,,,,,,
66,2,2.0,3,10.0,8.0,8.0,,,,,,,,,,,,,,,,,,,,,,,,,,,,,,,,,,,,,
63,5,3.0,5,9.0,8.0,10.0,8.0,8.0,,,,,,,,,,,,,,,,,,,,,,,,,,,,,,,,,,,
68,5,6.0,1,9.0,,,,,,,,,,,,,,,,,,,,,,,,,,,,,,,,,,,,,,,
55,2,3.0,0,,,,,,,,,,,,,,,,,,,,,,,,,,,,,,,,,,,,,,,,
66,2,4.0,0,,,,,,,,,,,,,,,,,,,,,,,,,,,,,,,,,,,,,,,,
56,2,3.0,4,9.0,6.0,6.0,6.0,,,,,,,,,,,,,,,,,,,,,,,,,,,,,,,,,,,,
59,5,6.0,2,12.0,10.0,,,,,,,,,,,,,,,,,,,,,,,,,,,,,,,,,,,,,,
60,5,4.0,1,9.0,,,,,,,,,,,,,,,,,,,,,,,,,,,,,,,,,,,,,,,
51,5,5.0,40,9.0,9.0,9.0,9.0,7.0,8.0,8.0,9.0,8.0,8.0,7.0,8.0,8.0,8.0,7.0,8.0,7.0,8.0,7.0,9.0,9.0,10.0,10.0,9.0,9.0,9.0,9.0,9.0,9.0,9.0,9.0,9.0,9.0,9.0,9.0,9.0,9.0,9.0,9.0,9.0
46,5,3.0,0,,,,,,,,,,,,,,,,,,,,,,,,,,,,,,,,,,,,,,,,
45,5,3.0,5,1.0,7.0,9.0,6.0,8.0,,,,,,,,,,,,,,,,,,,,,,,,,,,,,,,,,,,
63,5,2.0,1,9.0,,,,,,,,,,,,,,,,,,,,,,,,,,,,,,,,,,,,,,,
61,5,4.0,8,4.0,6.0,9.0,10.0,8.0,9.0,8.0,9.0,,,,,,,,,,,,,,,,,,,,,,,,,,,,,,,,
63,5,6.0,2,10.0,9.0,,,,,,,,,,,,,,,,,,,,,,,,,,,,,,,,,,,,,,
62,5,3.0,2,8.0,9.0,,,,,,,,,,,,,,,,,,,,,,,,,,,,,,,,,,,,,,
54,5,6.0,10,9.0,8.0,7.0,8.0,7.0,6.0,9.0,9.0,6.0,8.0,,,,,,,,,,,,,,,,,,,,,,,,,,,,,,
50,5,5.0,2,8.0,4.0,,,,,,,,,,,,,,,,,,,,,,,,,,,,,,,,,,,,,,
63,5,3.0,1,8.0,,,,,,,,,,,,,,,,,,,,,,,,,,,,,,,,,,,,,,,
59,5,6.0,3,9.0,9.0,9.0,,,,,,,,,,,,,,,,,,,,,,,,,,,,,,,,,,,,,
31,5,3.0,1,6.0,,,,,,,,,,,,,,,,,,,,,,,,,,,,,,,,,,,,,,,
55,2,3.0,3,5.0,5.0,9.0,,,,,,,,,,,,,,,,,,,,,,,,,,,,,,,,,,,,,
67,2,5.0,0,,,,,,,,,,,,,,,,,,,,,,,,,,,,,,,,,,,,,,,,
65,5,6.0,15,9.0,10.0,8.0,9.0,7.0,9.0,8.0,8.0,9.0,8.0,9.0,10.0,8.0,11.0,7.0,,,,,,,,,,,,,,,,,,,,,,,,,
29,5,4.0,10,6.0,8.0,8.0,9.0,9.0,9.0,6.0,8.0,6.0,9.0,,,,,,,,,,,,,,,,,,,,,,,,,,,,,,
40,5,6.0,6,7.0,7.0,7.0,7.0,6.0,6.0,,,,,,,,,,,,,,,,,,,,,,,,,,,,,,,,,,
63,5,2.0,1,10.0,,,,,,,,,,,,,,,,,,,,,,,,,,,,,,,,,,,,,,,
56,5,5.0,0,,,,,,,,,,,,,,,,,,,,,,,,,,,,,,,,,,,,,,,,
62,2,4.0,4,1.0,11.0,7.0,9.0,,,,,,,,,,,,,,,,,,,,,,,,,,,,,,,,,,,,
62,5,3.0,0,,,,,,,,,,,,,,,,,,,,,,,,,,,,,,,,,,,,,,,,
54,2,2.0,2,6.0,9.0,,,,,,,,,,,,,,,,,,,,,,,,,,,,,,,,,,,,,,
60,5,,5,10.0,9.0,10.0,10.0,10.0,,,,,,,,,,,,,,,,,,,,,,,,,,,,,,,,,,,
65,5,6.0,0,,,,,,,,,,,,,,,,,,,,,,,,,,,,,,,,,,,,,,,,
62,2,3.0,3,7.0,7.0,7.0,,,,,,,,,,,,,,,,,,,,,,,,,,,,,,,,,,,,,
25,5,3.0,5,6.0,9.0,9.0,6.0,6.0,,,,,,,,,,,,,,,,,,,,,,,,,,,,,,,,,,,
28,5,5.0,1,6.0,,,,,,,,,,,,,,,,,,,,,,,,,,,,,,,,,,,,,,,
46,5,6.0,3,10.0,8.0,7.0,,,,,,,,,,,,,,,,,,,,,,,,,,,,,,,,,,,,,
59,2,3.0,0,,,,,,,,,,,,,,,,,,,,,,,,,,,,,,,,,,,,,,,,
42,5,5.0,1,8.0,,,,,,,,,,,,,,,,,,,,,,,,,,,,,,,,,,,,,,,
60,5,3.0,2,10.0,7.0,,,,,,,,,,,,,,,,,,,,,,,,,,,,,,,,,,,,,,
32,5,2.0,3,6.0,9.0,9.0,,,,,,,,,,,,,,,,,,,,,,,,,,,,,,,,,,,,,
43,5,3.0,2,8.0,4.0,,,,,,,,,,,,,,,,,,,,,,,,,,,,,,,,,,,,,,
60,2,2.0,0,,,,,,,,,,,,,,,,,,,,,,,,,,,,,,,,,,,,,,,,
51,5,4.0,1,8.0,,,,,,,,,,,,,,,,,,,,,,,,,,,,,,,,,,,,,,,
66,2,3.0,1,9.0,,,,,,,,,,,,,,,,,,,,,,,,,,,,,,,,,,,,,,,
70,5,2.0,1,8.0,,,,,,,,,,,,,,,,,,,,,,,,,,,,,,,,,,,,,,,
51,2,3.0,1,9.0,,,,,,,,,,,,,,,,,,,,,,,,,,,,,,,,,,,,,,,
52,5,4.0,3,7.0,9.0,6.0,,,,,,,,,,,,,,,,,,,,,,,,,,,,,,,,,,,,,
69,2,3.0,2,11.0,7.0,,,,,,,,,,,,,,,,,,,,,,,,,,,,,,,,,,,,,,
43,5,2.0,2,7.0,10.0,,,,,,,,,,,,,,,,,,,,,,,,,,,,,,,,,,,,,,
49,5,6.0,2,8.0,8.0,,,,,,,,,,,,,,,,,,,,,,,,,,,,,,,,,,,,,,
40,5,2.0,4,10.0,9.0,8.0,8.0,,,,,,,,,,,,,,,,,,,,,,,,,,,,,,,,,,,,
50,5,6.0,10,7.0,7.0,8.0,7.0,8.0,8.0,4.0,12.0,9.0,7.0,,,,,,,,,,,,,,,,,,,,,,,,,,,,,,
55,5,6.0,3,9.0,6.0,6.0,,,,,,,,,,,,,,,,,,,,,,,,,,,,,,,,,,,,,
29,5,6.0,8,8.0,7.0,9.0,7.0,7.0,6.0,6.0,7.0,,,,,,,,,,,,,,,,,,,,,,,,,,,,,,,,
52,5,6.0,3,9.0,7.0,7.0,,,,,,,,,,,,,,,,,,,,,,,,,,,,,,,,,,,,,
65,5,6.0,5,8.0,9.0,8.0,7.0,11.0,,,,,,,,,,,,,,,,,,,,,,,,,,,,,,,,,,,
26,2,4.0,1,6.0,,,,,,,,,,,,,,,,,,,,,,,,,,,,,,,,,,,,,,,
54,5,3.0,0,,,,,,,,,,,,,,,,,,,,,,,,,,,,,,,,,,,,,,,,
61,5,3.0,1,10.0,,,,,,,,,,,,,,,,,,,,,,,,,,,,,,,,,,,,,,,
50,5,4.0,5,12.0,12.0,9.0,9.0,8.0,,,,,,,,,,,,,,,,,,,,,,,,,,,,,,,,,,,
35,5,5.0,4,8.0,10.0,9.0,9.0,,,,,,,,,,,,,,,,,,,,,,,,,,,,,,,,,,,,
27,5,6.0,3,6.0,6.0,6.0,,,,,,,,,,,,,,,,,,,,,,,,,,,,,,,,,,,,,
23,5,2.0,4,9.0,9.0,6.0,9.0,,,,,,,,,,,,,,,,,,,,,,,,,,,,,,,,,,,,
28,5,6.0,3,6.0,6.0,6.0,,,,,,,,,,,,,,,,,,,,,,,,,,,,,,,,,,,,,
38,5,5.0,2,8.0,3.0,,,,,,,,,,,,,,,,,,,,,,,,,,,,,,,,,,,,,,
39,5,2.0,4,10.0,2.0,7.0,7.0,,,,,,,,,,,,,,,,,,,,,,,,,,,,,,,,,,,,
44,5,2.0,3,9.0,12.0,12.0,,,,,,,,,,,,,,,,,,,,,,,,,,,,,,,,,,,,,
25,5,4.0,4,9.0,9.0,6.0,9.0,,,,,,,,,,,,,,,,,,,,,,,,,,,,,,,,,,,,
41,5,4.0,3,8.0,8.0,8.0,,,,,,,,,,,,,,,,,,,,,,,,,,,,,,,,,,,,,
24,5,,2,6.0,6.0,,,,,,,,,,,,,,,,,,,,,,,,,,,,,,,,,,,,,,
55,5,3.0,1,9.0,,,,,,,,,,,,,,,,,,,,,,,,,,,,,,,,,,,,,,,
61,2,6.0,3,7.0,10.0,6.0,,,,,,,,,,,,,,,,,,,,,,,,,,,,,,,,,,,,,
40,5,3.0,3,3.0,4.0,8.0,,,,,,,,,,,,,,,,,,,,,,,,,,,,,,,,,,,,,
24,5,4.0,2,6.0,6.0,,,,,,,,,,,,,,,,,,,,,,,,,,,,,,,,,,,,,,
29,5,4.0,4,8.0,8.0,7.0,7.0,,,,,,,,,,,,,,,,,,,,,,,,,,,,,,,,,,,,
51,5,,1,9.0,,,,,,,,,,,,,,,,,,,,,,,,,,,,,,,,,,,,,,,
54,2,2.0,4,9.0,6.0,6.0,12.0,,,,,,,,,,,,,,,,,,,,,,,,,,,,,,,,,,,,
48,5,5.0,3,8.0,3.0,11.0,,,,,,,,,,,,,,,,,,,,,,,,,,,,,,,,,,,,,
27,5,6.0,2,10.0,10.0,,,,,,,,,,,,,,,,,,,,,,,,,,,,,,,,,,,,,,
30,2,3.0,2,7.0,7.0,,,,,,,,,,,,,,,,,,,,,,,,,,,,,,,,,,,,,,
58,5,6.0,6,6.0,9.0,8.0,6.0,7.0,8.0,,,,,,,,,,,,,,,,,,,,,,,,,,,,,,,,,,
52,5,6.0,8,8.0,9.0,8.0,10.0,10.0,7.0,9.0,8.0,,,,,,,,,,,,,,,,,,,,,,,,,,,,,,,,
63,5,6.0,2,10.0,7.0,,,,,,,,,,,,,,,,,,,,,,,,,,,,,,,,,,,,,,
59,2,2.0,2,6.0,6.0,,,,,,,,,,,,,,,,,,,,,,,,,,,,,,,,,,,,,,
51,2,3.0,3,9.0,6.0,8.0,,,,,,,,,,,,,,,,,,,,,,,,,,,,,,,,,,,,,
56,5,6.0,3,8.0,7.0,7.0,,,,,,,,,,,,,,,,,,,,,,,,,,,,,,,,,,,,,
51,5,4.0,1,10.0,,,,,,,,,,,,,,,,,,,,,,,,,,,,,,,,,,,,,,,
30,5,4.0,2,10.0,10.0,,,,,,,,,,,,,,,,,,,,,,,,,,,,,,,,,,,,,,
41,5,6.0,0,,,,,,,,,,,,,,,,,,,,,,,,,,,,,,,,,,,,,,,,
30,5,6.0,0,,,,,,,,,,,,,,,,,,,,,,,,,,,,,,,,,,,,,,,,
61,5,,1,10.0,,,,,,,,,,,,,,,,,,,,,,,,,,,,,,,,,,,,,,,
66,5,3.0,2,9.0,9.0,,,,,,,,,,,,,,,,,,,,,,,,,,,,,,,,,,,,,,
41,5,5.0,5,2.0,2.0,7.0,8.0,7.0,,,,,,,,,,,,,,,,,,,,,,,,,,,,,,,,,,,
30,5,5.0,6,10.0,10.0,7.0,6.0,7.0,7.0,,,,,,,,,,,,,,,,,,,,,,,,,,,,,,,,,,
27,2,5.0,4,9.0,9.0,6.0,7.0,,,,,,,,,,,,,,,,,,,,,,,,,,,,,,,,,,,,
63,2,2.0,4,10.0,7.0,7.0,2.0,,,,,,,,,,,,,,,,,,,,,,,,,,,,,,,,,,,,
63,5,4.0,2,8.0,11.0,,,,,,,,,,,,,,,,,,,,,,,,,,,,,,,,,,,,,,
61,5,3.0,0,,,,,,,,,,,,,,,,,,,,,,,,,,,,,,,,,,,,,,,,
43,5,3.0,3,10.0,8.0,8.0,,,,,,,,,,,,,,,,,,,,,,,,,,,,,,,,,,,,,
64,5,2.0,2,7.0,10.0,,,,,,,,,,,,,,,,,,,,,,,,,,,,,,,,,,,,,,
63,5,4.0,3,10.0,7.0,7.0,,,,,,,,,,,,,,,,,,,,,,,,,,,,,,,,,,,,,
36,5,4.0,1,7.0,,,,,,,,,,,,,,,,,,,,,,,,,,,,,,,,,,,,,,,
67,5,6.0,5,8.0,8.0,10.0,9.0,8.0,,,,,,,,,,,,,,,,,,,,,,,,,,,,,,,,,,,
53,5,5.0,5,8.0,8.0,9.0,8.0,8.0,,,,,,,,,,,,,,,,,,,,,,,,,,,,,,,,,,,
60,5,5.0,0,,,,,,,,,,,,,,,,,,,,,,,,,,,,,,,,,,,,,,,,
42,5,6.0,4,9.0,8.0,6.0,8.0,,,,,,,,,,,,,,,,,,,,,,,,,,,,,,,,,,,,
47,2,5.0,2,4.0,4.0,,,,,,,,,,,,,,,,,,,,,,,,,,,,,,,,,,,,,,
63,5,4.0,0,,,,,,,,,,,,,,,,,,,,,,,,,,,,,,,,,,,,,,,,
65,2,6.0,1,10.0,,,,,,,,,,,,,,,,,,,,,,,,,,,,,,,,,,,,,,,
66,5,4.0,2,9.0,10.0,,,,,,,,,,,,,,,,,,,,,,,,,,,,,,,,,,,,,,
62,5,5.0,5,9.0,10.0,9.0,9.0,9.0,,,,,,,,,,,,,,,,,,,,,,,,,,,,,,,,,,,
59,5,4.0,3,10.0,8.0,9.0,,,,,,,,,,,,,,,,,,,,,,,,,,,,,,,,,,,,,
21,5,3.0,2,9.0,6.0,,,,,,,,,,,,,,,,,,,,,,,,,,,,,,,,,,,,,,
67,5,5.0,4,10.0,10.0,10.0,10.0,,,,,,,,,,,,,,,,,,,,,,,,,,,,,,,,,,,,
24,5,6.0,5,9.0,6.0,8.0,8.0,6.0,,,,,,,,,,,,,,,,,,,,,,,,,,,,,,,,,,,
28,2,,4,9.0,9.0,6.0,10.0,,,,,,,,,,,,,,,,,,,,,,,,,,,,,,,,,,,,
30,2,6.0,10,7.0,7.0,6.0,7.0,6.0,7.0,6.0,7.0,7.0,6.0,,,,,,,,,,,,,,,,,,,,,,,,,,,,,,
28,2,5.0,5,9.0,9.0,10.0,7.0,6.0,,,,,,,,,,,,,,,,,,,,,,,,,,,,,,,,,,,
28,5,6.0,5,1.0,7.0,8.0,6.0,6.0,,,,,,,,,,,,,,,,,,,,,,,,,,,,,,,,,,,
66,5,2.0,1,9.0,,,,,,,,,,,,,,,,,,,,,,,,,,,,,,,,,,,,,,,
29,5,4.0,3,7.0,7.0,7.0,,,,,,,,,,,,,,,,,,,,,,,,,,,,,,,,,,,,,
25,2,5.0,30,6.0,6.0,3.0,2.0,2.0,1.0,5.0,1.0,2.0,2.0,6.0,2.0,2.0,3.0,6.0,6.0,2.0,4.0,3.0,6.0,7.0,5.0,6.0,6.0,6.0,7.0,6.0,3.0,3.0,5.0,,,,,,,,,,
29,5,4.0,3,9.0,8.0,9.0,,,,,,,,,,,,,,,,,,,,,,,,,,,,,,,,,,,,,
30,5,6.0,9,8.0,7.0,6.0,6.0,6.0,6.0,6.0,8.0,7.0,,,,,,,,,,,,,,,,,,,,,,,,,,,,,,,
65,5,2.0,3,9.0,7.0,10.0,,,,,,,,,,,,,,,,,,,,,,,,,,,,,,,,,,,,,
34,5,4.0,2,7.0,8.0,,,,,,,,,,,,,,,,,,,,,,,,,,,,,,,,,,,,,,
28,5,2.0,0,,,,,,,,,,,,,,,,,,,,,,,,,,,,,,,,,,,,,,,,
61,5,3.0,2,10.0,10.0,,,,,,,,,,,,,,,,,,,,,,,,,,,,,,,,,,,,,,
43,2,3.0,2,9.0,3.0,,,,,,,,,,,,,,,,,,,,,,,,,,,,,,,,,,,,,,
44,2,5.0,2,8.0,8.0,,,,,,,,,,,,,,,,,,,,,,,,,,,,,,,,,,,,,,
27,5,5.0,5,9.0,6.0,6.0,9.0,10.0,,,,,,,,,,,,,,,,,,,,,,,,,,,,,,,,,,,
44,2,3.0,0,,,,,,,,,,,,,,,,,,,,,,,,,,,,,,,,,,,,,,,,
65,5,,1,6.0,,,,,,,,,,,,,,,,,,,,,,,,,,,,,,,,,,,,,,,
45,5,,0,,,,,,,,,,,,,,,,,,,,,,,,,,,,,,,,,,,,,,,,
22,5,5.0,0,,,,,,,,,,,,,,,,,,,,,,,,,,,,,,,,,,,,,,,,
64,2,6.0,3,3.0,10.0,7.0,,,,,,,,,,,,,,,,,,,,,,,,,,,,,,,,,,,,,
44,2,6.0,0,,,,,,,,,,,,,,,,,,,,,,,,,,,,,,,,,,,,,,,,
46,5,6.0,2,4.0,8.0,,,,,,,,,,,,,,,,,,,,,,,,,,,,,,,,,,,,,,
52,2,6.0,3,9.0,5.0,4.0,,,,,,,,,,,,,,,,,,,,,,,,,,,,,,,,,,,,,
44,2,5.0,3,10.0,5.0,4.0,,,,,,,,,,,,,,,,,,,,,,,,,,,,,,,,,,,,,
49,5,6.0,3,6.0,6.0,9.0,,,,,,,,,,,,,,,,,,,,,,,,,,,,,,,,,,,,,
39,5,4.0,4,2.0,7.0,10.0,8.0,,,,,,,,,,,,,,,,,,,,,,,,,,,,,,,,,,,,
64,5,6.0,2,11.0,10.0,,,,,,,,,,,,,,,,,,,,,,,,,,,,,,,,,,,,,,
58,5,2.0,2,9.0,7.0,,,,,,,,,,,,,,,,,,,,,,,,,,,,,,,,,,,,,,
58,2,5.0,2,8.0,9.0,,,,,,,,,,,,,,,,,,,,,,,,,,,,,,,,,,,,,,
47,5,3.0,2,9.0,9.0,,,,,,,,,,,,,,,,,,,,,,,,,,,,,,,,,,,,,,
54,5,4.0,0,,,,,,,,,,,,,,,,,,,,,,,,,,,,,,,,,,,,,,,,
42,5,5.0,0,,,,,,,,,,,,,,,,,,,,,,,,,,,,,,,,,,,,,,,,
61,2,2.0,2,10.0,7.0,,,,,,,,,,,,,,,,,,,,,,,,,,,,,,,,,,,,,,
44,5,4.0,0,,,,,,,,,,,,,,,,,,,,,,,,,,,,,,,,,,,,,,,,
62,2,6.0,39,3.0,3.0,3.0,3.0,3.0,3.0,3.0,3.0,3.0,3.0,3.0,3.0,3.0,3.0,3.0,3.0,3.0,3.0,3.0,3.0,3.0,3.0,3.0,3.0,3.0,3.0,3.0,3.0,3.0,3.0,3.0,3.0,3.0,3.0,3.0,3.0,3.0,3.0,9.0,
43,5,4.0,3,8.0,4.0,3.0,,,,,,,,,,,,,,,,,,,,,,,,,,,,,,,,,,,,,
59,2,4.0,2,9.0,8.0,,,,,,,,,,,,,,,,,,,,,,,,,,,,,,,,,,,,,,
36,2,5.0,2,7.0,10.0,,,,,,,,,,,,,,,,,,,,,,,,,,,,,,,,,,,,,,
23,2,,2,10.0,10.0,,,,,,,,,,,,,,,,,,,,,,,,,,,,,,,,,,,,,,
32,2,6.0,2,7.0,7.0,,,,,,,,,,,,,,,,,,,,,,,,,,,,,,,,,,,,,,
40,2,2.0,3,8.0,3.0,3.0,,,,,,,,,,,,,,,,,,,,,,,,,,,,,,,,,,,,,
59,2,3.0,2,6.0,5.0,,,,,,,,,,,,,,,,,,,,,,,,,,,,,,,,,,,,,,
26,2,2.0,1,9.0,,,,,,,,,,,,,,,,,,,,,,,,,,,,,,,,,,,,,,,
33,5,3.0,3,10.0,2.0,7.0,,,,,,,,,,,,,,,,,,,,,,,,,,,,,,,,,,,,,
39,2,3.0,3,7.0,2.0,1.0,,,,,,,,,,,,,,,,,,,,,,,,,,,,,,,,,,,,,
49,5,4.0,1,8.0,,,,,,,,,,,,,,,,,,,,,,,,,,,,,,,,,,,,,,,
46,2,6.0,1,9.0,,,,,,,,,,,,,,,,,,,,,,,,,,,,,,,,,,,,,,,
68,2,3.0,4,10.0,10.0,10.0,9.0,,,,,,,,,,,,,,,,,,,,,,,,,,,,,,,,,,,,
50,5,5.0,8,10.0,9.0,9.0,7.0,10.0,8.0,10.0,9.0,,,,,,,,,,,,,,,,,,,,,,,,,,,,,,,,
53,5,,3,12.0,12.0,6.0,,,,,,,,,,,,,,,,,,,,,,,,,,,,,,,,,,,,,
26,2,3.0,5,6.0,6.0,6.0,6.0,6.0,,,,,,,,,,,,,,,,,,,,,,,,,,,,,,,,,,,
55,5,5.0,7,9.0,9.0,9.0,9.0,10.0,10.0,9.0,,,,,,,,,,,,,,,,,,,,,,,,,,,,,,,,,
40,2,2.0,2,11.0,10.0,,,,,,,,,,,,,,,,,,,,,,,,,,,,,,,,,,,,,,
59,2,3.0,6,9.0,6.0,6.0,12.0,10.0,10.0,,,,,,,,,,,,,,,,,,,,,,,,,,,,,,,,,,
41,2,2.0,2,8.0,2.0,,,,,,,,,,,,,,,,,,,,,,,,,,,,,,,,,,,,,,
41,2,2.0,2,8.0,2.0,,,,,,,,,,,,,,,,,,,,,,,,,,,,,,,,,,,,,,
46,5,5.0,18,8.0,10.0,7.0,5.0,9.0,7.0,7.0,8.0,7.0,8.0,8.0,8.0,6.0,6.0,8.0,10.0,7.0,9.0,,,,,,,,,,,,,,,,,,,,,,
52,5,2.0,1,7.0,,,,,,,,,,,,,,,,,,,,,,,,,,,,,,,,,,,,,,,
50,5,2.0,1,8.0,,,,,,,,,,,,,,,,,,,,,,,,,,,,,,,,,,,,,,,
52,5,3.0,3,9.0,8.0,9.0,,,,,,,,,,,,,,,,,,,,,,,,,,,,,,,,,,,,,
57,5,3.0,5,10.0,7.0,10.0,6.0,7.0,,,,,,,,,,,,,,,,,,,,,,,,,,,,,,,,,,,
47,5,5.0,1,9.0,,,,,,,,,,,,,,,,,,,,,,,,,,,,,,,,,,,,,,,
45,2,3.0,1,8.0,,,,,,,,,,,,,,,,,,,,,,,,,,,,,,,,,,,,,,,
48,5,6.0,8,8.0,7.0,8.0,7.0,8.0,7.0,7.0,7.0,,,,,,,,,,,,,,,,,,,,,,,,,,,,,,,,
42,2,6.0,4,2.0,3.0,9.0,4.0,,,,,,,,,,,,,,,,,,,,,,,,,,,,,,,,,,,,
41,5,4.0,1,7.0,,,,,,,,,,,,,,,,,,,,,,,,,,,,,,,,,,,,,,,
33,5,5.0,2,7.0,8.0,,,,,,,,,,,,,,,,,,,,,,,,,,,,,,,,,,,,,,
29,5,6.0,8,8.0,8.0,8.0,8.0,8.0,8.0,8.0,8.0,,,,,,,,,,,,,,,,,,,,,,,,,,,,,,,,
41,5,,1,8.0,,,,,,,,,,,,,,,,,,,,,,,,,,,,,,,,,,,,,,,
39,2,4.0,5,8.0,7.0,7.0,7.0,7.0,,,,,,,,,,,,,,,,,,,,,,,,,,,,,,,,,,,
52,2,3.0,2,7.0,9.0,,,,,,,,,,,,,,,,,,,,,,,,,,,,,,,,,,,,,,
39,2,,1,4.0,,,,,,,,,,,,,,,,,,,,,,,,,,,,,,,,,,,,,,,
55,2,4.0,1,6.0,,,,,,,,,,,,,,,,,,,,,,,,,,,,,,,,,,,,,,,
45,2,2.0,3,8.0,3.0,3.0,,,,,,,,,,,,,,,,,,,,,,,,,,,,,,,,,,,,,
55,2,2.0,3,12.0,12.0,10.0,,,,,,,,,,,,,,,,,,,,,,,,,,,,,,,,,,,,,
53,2,2.0,3,9.0,6.0,5.0,,,,,,,,,,,,,,,,,,,,,,,,,,,,,,,,,,,,,
50,2,3.0,3,9.0,6.0,6.0,,,,,,,,,,,,,,,,,,,,,,,,,,,,,,,,,,,,,
33,2,2.0,6,2.0,7.0,10.0,10.0,7.0,7.0,,,,,,,,,,,,,,,,,,,,,,,,,,,,,,,,,,
56,2,,1,7.0,,,,,,,,,,,,,,,,,,,,,,,,,,,,,,,,,,,,,,,
48,2,,3,5.0,6.0,8.0,,,,,,,,,,,,,,,,,,,,,,,,,,,,,,,,,,,,,
55,2,2.0,1,8.0,,,,,,,,,,,,,,,,,,,,,,,,,,,,,,,,,,,,,,,
35,2,4.0,1,7.0,,,,,,,,,,,,,,,,,,,,,,,,,,,,,,,,,,,,,,,
43,2,3.0,2,11.0,10.0,,,,,,,,,,,,,,,,,,,,,,,,,,,,,,,,,,,,,,
53,5,3.0,5,9.0,9.0,9.0,9.0,8.0,,,,,,,,,,,,,,,,,,,,,,,,,,,,,,,,,,,
63,2,,0,,,,,,,,,,,,,,,,,,,,,,,,,,,,,,,,,,,,,,,,
50,2,3.0,3,9.0,6.0,4.0,,,,,,,,,,,,,,,,,,,,,,,,,,,,,,,,,,,,,
49,5,3.0,3,6.0,9.0,9.0,,,,,,,,,,,,,,,,,,,,,,,,,,,,,,,,,,,,,
45,5,2.0,2,8.0,5.0,,,,,,,,,,,,,,,,,,,,,,,,,,,,,,,,,,,,,,
54,2,3.0,1,9.0,,,,,,,,,,,,,,,,,,,,,,,,,,,,,,,,,,,,,,,
53,5,3.0,2,3.0,9.0,,,,,,,,,,,,,,,,,,,,,,,,,,,,,,,,,,,,,,
43,5,3.0,2,3.0,8.0,,,,,,,,,,,,,,,,,,,,,,,,,,,,,,,,,,,,,,
55,2,2.0,3,12.0,12.0,9.0,,,,,,,,,,,,,,,,,,,,,,,,,,,,,,,,,,,,,
34,2,2.0,0,,,,,,,,,,,,,,,,,,,,,,,,,,,,,,,,,,,,,,,,
59,5,5.0,6,9.0,9.0,8.0,7.0,9.0,8.0,,,,,,,,,,,,,,,,,,,,,,,,,,,,,,,,,,
52,5,3.0,1,6.0,,,,,,,,,,,,,,,,,,,,,,,,,,,,,,,,,,,,,,,
42,2,6.0,0,,,,,,,,,,,,,,,,,,,,,,,,,,,,,,,,,,,,,,,,
34,5,4.0,2,7.0,10.0,,,,,,,,,,,,,,,,,,,,,,,,,,,,,,,,,,,,,,
42,5,3.0,7,10.0,8.0,8.0,8.0,3.0,2.0,2.0,,,,,,,,,,,,,,,,,,,,,,,,,,,,,,,,,
60,5,5.0,5,7.0,8.0,8.0,7.0,7.0,,,,,,,,,,,,,,,,,,,,,,,,,,,,,,,,,,,
36,2,,2,10.0,10.0,,,,,,,,,,,,,,,,,,,,,,,,,,,,,,,,,,,,,,
61,5,2.0,3,11.0,10.0,12.0,,,,,,,,,,,,,,,,,,,,,,,,,,,,,,,,,,,,,
44,5,4.0,2,9.0,5.0,,,,,,,,,,,,,,,,,,,,,,,,,,,,,,,,,,,,,,
52,5,6.0,3,8.0,6.0,6.0,,,,,,,,,,,,,,,,,,,,,,,,,,,,,,,,,,,,,
21,5,6.0,3,6.0,8.0,8.0,,,,,,,,,,,,,,,,,,,,,,,,,,,,,,,,,,,,,
35,5,2.0,2,10.0,11.0,,,,,,,,,,,,,,,,,,,,,,,,,,,,,,,,,,,,,,
53,5,6.0,1,12.0,,,,,,,,,,,,,,,,,,,,,,,,,,,,,,,,,,,,,,,
45,2,3.0,2,8.0,8.0,,,,,,,,,,,,,,,,,,,,,,,,,,,,,,,,,,,,,,
43,5,2.0,0,,,,,,,,,,,,,,,,,,,,,,,,,,,,,,,,,,,,,,,,
26,5,4.0,2,6.0,9.0,,,,,,,,,,,,,,,,,,,,,,,,,,,,,,,,,,,,,,
38,5,5.0,3,7.0,7.0,7.0,,,,,,,,,,,,,,,,,,,,,,,,,,,,,,,,,,,,,
38,2,2.0,2,10.0,10.0,,,,,,,,,,,,,,,,,,,,,,,,,,,,,,,,,,,,,,
42,5,4.0,10,8.0,8.0,8.0,8.0,9.0,9.0,8.0,9.0,7.0,7.0,,,,,,,,,,,,,,,,,,,,,,,,,,,,,,
25,2,2.0,0,,,,,,,,,,,,,,,,,,,,,,,,,,,,,,,,,,,,,,,,
49,5,4.0,30,9.0,9.0,6.0,9.0,6.0,6.0,5.0,6.0,9.0,7.0,6.0,7.0,6.0,10.0,8.0,10.0,9.0,10.0,8.0,9.0,7.0,8.0,10.0,6.0,9.0,6.0,7.0,3.0,7.0,7.0,,,,,,,,,,
40,2,3.0,0,,,,,,,,,,,,,,,,,,,,,,,,,,,,,,,,,,,,,,,,
28,2,3.0,1,10.0,,,,,,,,,,,,,,,,,,,,,,,,,,,,,,,,,,,,,,,
43,5,4.0,3,8.0,8.0,8.0,,,,,,,,,,,,,,,,,,,,,,,,,,,,,,,,,,,,,
41,2,3.0,2,8.0,7.0,,,,,,,,,,,,,,,,,,,,,,,,,,,,,,,,,,,,,,
65,5,6.0,2,10.0,10.0,,,,,,,,,,,,,,,,,,,,,,,,,,,,,,,,,,,,,,
36,5,4.0,2,7.0,10.0,,,,,,,,,,,,,,,,,,,,,,,,,,,,,,,,,,,,,,
43,5,2.0,1,11.0,,,,,,,,,,,,,,,,,,,,,,,,,,,,,,,,,,,,,,,
43,2,3.0,3,8.0,8.0,9.0,,,,,,,,,,,,,,,,,,,,,,,,,,,,,,,,,,,,,
30,2,4.0,2,7.0,7.0,,,,,,,,,,,,,,,,,,,,,,,,,,,,,,,,,,,,,,
39,5,6.0,1,10.0,,,,,,,,,,,,,,,,,,,,,,,,,,,,,,,,,,,,,,,
24,5,2.0,1,9.0,,,,,,,,,,,,,,,,,,,,,,,,,,,,,,,,,,,,,,,
25,5,5.0,2,7.0,6.0,,,,,,,,,,,,,,,,,,,,,,,,,,,,,,,,,,,,,,
28,2,5.0,2,6.0,7.0,,,,,,,,,,,,,,,,,,,,,,,,,,,,,,,,,,,,,,
47,5,4.0,1,8.0,,,,,,,,,,,,,,,,,,,,,,,,,,,,,,,,,,,,,,,
26,5,4.0,1,9.0,,,,,,,,,,,,,,,,,,,,,,,,,,,,,,,,,,,,,,,
42,5,5.0,5,9.0,4.0,8.0,9.0,9.0,,,,,,,,,,,,,,,,,,,,,,,,,,,,,,,,,,,
27,5,6.0,3,6.0,6.0,6.0,,,,,,,,,,,,,,,,,,,,,,,,,,,,,,,,,,,,,
64,5,5.0,1,9.0,,,,,,,,,,,,,,,,,,,,,,,,,,,,,,,,,,,,,,,
46,5,3.0,3,9.0,8.0,10.0,,,,,,,,,,,,,,,,,,,,,,,,,,,,,,,,,,,,,
38,2,5.0,2,8.0,8.0,,,,,,,,,,,,,,,,,,,,,,,,,,,,,,,,,,,,,,
45,5,5.0,5,3.0,4.0,8.0,8.0,8.0,,,,,,,,,,,,,,,,,,,,,,,,,,,,,,,,,,,
38,5,4.0,3,10.0,10.0,7.0,,,,,,,,,,,,,,,,,,,,,,,,,,,,,,,,,,,,,
23,5,5.0,4,6.0,8.0,9.0,7.0,,,,,,,,,,,,,,,,,,,,,,,,,,,,,,,,,,,,
25,5,2.0,3,12.0,9.0,6.0,,,,,,,,,,,,,,,,,,,,,,,,,,,,,,,,,,,,,
41,5,5.0,6,1.0,3.0,8.0,9.0,7.0,7.0,,,,,,,,,,,,,,,,,,,,,,,,,,,,,,,,,,
35,2,3.0,3,7.0,3.0,2.0,,,,,,,,,,,,,,,,,,,,,,,,,,,,,,,,,,,,,
39,2,4.0,5,7.0,9.0,8.0,9.0,8.0,,,,,,,,,,,,,,,,,,,,,,,,,,,,,,,,,,,
44,5,5.0,0,,,,,,,,,,,,,,,,,,,,,,,,,,,,,,,,,,,,,,,,
43,5,6.0,5,9.0,8.0,8.0,7.0,6.0,,,,,,,,,,,,,,,,,,,,,,,,,,,,,,,,,,,
34,2,4.0,3,7.0,7.0,1.0,,,,,,,,,,,,,,,,,,,,,,,,,,,,,,,,,,,,,
64,2,5.0,12,7.0,10.0,9.0,10.0,9.0,9.0,9.0,9.0,10.0,10.0,10.0,10.0,,,,,,,,,,,,,,,,,,,,,,,,,,,,
26,5,3.0,0,,,,,,,,,,,,,,,,,,,,,,,,,,,,,,,,,,,,,,,,
64,2,3.0,0,,,,,,,,,,,,,,,,,,,,,,,,,,,,,,,,,,,,,,,,
32,5,5.0,1,7.0,,,,,,,,,,,,,,,,,,,,,,,,,,,,,,,,,,,,,,,
27,5,4.0,4,10.0,7.0,8.0,6.0,,,,,,,,,,,,,,,,,,,,,,,,,,,,,,,,,,,,
32,2,3.0,2,7.0,7.0,,,,,,,,,,,,,,,,,,,,,,,,,,,,,,,,,,,,,,
23,5,2.0,2,9.0,9.0,,,,,,,,,,,,,,,,,,,,,,,,,,,,,,,,,,,,,,
32,5,5.0,4,7.0,8.0,8.0,7.0,,,,,,,,,,,,,,,,,,,,,,,,,,,,,,,,,,,,
24,5,3.0,3,6.0,9.0,9.0,,,,,,,,,,,,,,,,,,,,,,,,,,,,,,,,,,,,,
36,5,5.0,6,1.0,7.0,8.0,7.0,9.0,6.0,,,,,,,,,,,,,,,,,,,,,,,,,,,,,,,,,,
35,2,4.0,3,7.0,3.0,2.0,,,,,,,,,,,,,,,,,,,,,,,,,,,,,,,,,,,,,
32,5,3.0,6,7.0,2.0,2.0,9.0,10.0,6.0,,,,,,,,,,,,,,,,,,,,,,,,,,,,,,,,,,
31,5,3.0,1,7.0,,,,,,,,,,,,,,,,,,,,,,,,,,,,,,,,,,,,,,,
29,5,5.0,4,6.0,7.0,10.0,10.0,,,,,,,,,,,,,,,,,,,,,,,,,,,,,,,,,,,,
31,5,2.0,2,1.0,7.0,,,,,,,,,,,,,,,,,,,,,,,,,,,,,,,,,,,,,,
66,5,6.0,5,3.0,8.0,10.0,10.0,10.0,,,,,,,,,,,,,,,,,,,,,,,,,,,,,,,,,,,
28,5,6.0,4,7.0,7.0,8.0,8.0,,,,,,,,,,,,,,,,,,,,,,,,,,,,,,,,,,,,
27,5,6.0,5,9.0,9.0,7.0,8.0,9.0,,,,,,,,,,,,,,,,,,,,,,,,,,,,,,,,,,,
25,5,3.0,4,4.0,9.0,9.0,6.0,,,,,,,,,,,,,,,,,,,,,,,,,,,,,,,,,,,,
30,2,3.0,2,7.0,6.0,,,,,,,,,,,,,,,,,,,,,,,,,,,,,,,,,,,,,,
40,2,4.0,1,8.0,,,,,,,,,,,,,,,,,,,,,,,,,,,,,,,,,,,,,,,
39,5,3.0,1,8.0,,,,,,,,,,,,,,,,,,,,,,,,,,,,,,,,,,,,,,,
31,5,6.0,3,7.0,6.0,6.0,,,,,,,,,,,,,,,,,,,,,,,,,,,,,,,,,,,,,
47,5,2.0,4,8.0,11.0,8.0,8.0,,,,,,,,,,,,,,,,,,,,,,,,,,,,,,,,,,,,
23,5,2.0,2,9.0,6.0,,,,,,,,,,,,,,,,,,,,,,,,,,,,,,,,,,,,,,
63,5,6.0,10,10.0,7.0,6.0,10.0,10.0,10.0,7.0,8.0,6.0,6.0,,,,,,,,,,,,,,,,,,,,,,,,,,,,,,
25,5,6.0,8,9.0,9.0,9.0,10.0,6.0,6.0,6.0,8.0,,,,,,,,,,,,,,,,,,,,,,,,,,,,,,,,
25,5,2.0,1,6.0,,,,,,,,,,,,,,,,,,,,,,,,,,,,,,,,,,,,,,,
50,5,6.0,6,3.0,3.0,8.0,8.0,2.0,3.0,,,,,,,,,,,,,,,,,,,,,,,,,,,,,,,,,,
61,5,3.0,0,,,,,,,,,,,,,,,,,,,,,,,,,,,,,,,,,,,,,,,,
46,2,2.0,1,9.0,,,,,,,,,,,,,,,,,,,,,,,,,,,,,,,,,,,,,,,
65,2,4.0,6,10.0,7.0,7.0,1.0,7.0,7.0,,,,,,,,,,,,,,,,,,,,,,,,,,,,,,,,,,
25,2,2.0,0,,,,,,,,,,,,,,,,,,,,,,,,,,,,,,,,,,,,,,,,
25,5,6.0,0,,,,,,,,,,,,,,,,,,,,,,,,,,,,,,,,,,,,,,,,
29,2,6.0,10,2.0,3.0,3.0,5.0,7.0,7.0,7.0,7.0,6.0,10.0,,,,,,,,,,,,,,,,,,,,,,,,,,,,,,
27,2,3.0,2,6.0,6.0,,,,,,,,,,,,,,,,,,,,,,,,,,,,,,,,,,,,,,
20,2,4.0,3,6.0,6.0,6.0,,,,,,,,,,,,,,,,,,,,,,,,,,,,,,,,,,,,,
28,2,3.0,1,6.0,,,,,,,,,,,,,,,,,,,,,,,,,,,,,,,,,,,,,,,
29,2,4.0,4,7.0,7.0,7.0,6.0,,,,,,,,,,,,,,,,,,,,,,,,,,,,,,,,,,,,
26,5,4.0,1,7.0,,,,,,,,,,,,,,,,,,,,,,,,,,,,,,,,,,,,,,,
32,5,4.0,4,8.0,8.0,6.0,6.0,,,,,,,,,,,,,,,,,,,,,,,,,,,,,,,,,,,,
43,5,5.0,6,3.0,3.0,8.0,7.0,7.0,8.0,,,,,,,,,,,,,,,,,,,,,,,,,,,,,,,,,,
43,5,3.0,10,7.0,6.0,6.0,9.0,3.0,3.0,7.0,7.0,7.0,8.0,,,,,,,,,,,,,,,,,,,,,,,,,,,,,,
49,5,5.0,12,8.0,8.0,8.0,8.0,8.0,7.0,7.0,8.0,8.0,7.0,9.0,9.0,,,,,,,,,,,,,,,,,,,,,,,,,,,,
45,5,4.0,1,8.0,,,,,,,,,,,,,,,,,,,,,,,,,,,,,,,,,,,,,,,
28,5,6.0,3,7.0,7.0,7.0,,,,,,,,,,,,,,,,,,,,,,,,,,,,,,,,,,,,,
20,5,5.0,1,6.0,,,,,,,,,,,,,,,,,,,,,,,,,,,,,,,,,,,,,,,
22,5,6.0,3,6.0,6.0,6.0,,,,,,,,,,,,,,,,,,,,,,,,,,,,,,,,,,,,,
25,5,5.0,3,10.0,6.0,9.0,,,,,,,,,,,,,,,,,,,,,,,,,,,,,,,,,,,,,
28,5,3.0,3,10.0,10.0,10.0,,,,,,,,,,,,,,,,,,,,,,,,,,,,,,,,,,,,,
46,5,6.0,1,9.0,,,,,,,,,,,,,,,,,,,,,,,,,,,,,,,,,,,,,,,
21,5,3.0,2,7.0,8.0,,,,,,,,,,,,,,,,,,,,,,,,,,,,,,,,,,,,,,
19,5,2.0,1,6.0,,,,,,,,,,,,,,,,,,,,,,,,,,,,,,,,,,,,,,,
28,5,,1,10.0,,,,,,,,,,,,,,,,,,,,,,,,,,,,,,,,,,,,,,,
48,5,4.0,2,4.0,5.0,,,,,,,,,,,,,,,,,,,,,,,,,,,,,,,,,,,,,,
26,5,4.0,3,9.0,9.0,6.0,,,,,,,,,,,,,,,,,,,,,,,,,,,,,,,,,,,,,
24,5,,0,,,,,,,,,,,,,,,,,,,,,,,,,,,,,,,,,,,,,,,,
22,5,4.0,4,6.0,6.0,6.0,6.0,,,,,,,,,,,,,,,,,,,,,,,,,,,,,,,,,,,,
28,5,5.0,2,7.0,1.0,,,,,,,,,,,,,,,,,,,,,,,,,,,,,,,,,,,,,,
29,5,2.0,3,6.0,6.0,9.0,,,,,,,,,,,,,,,,,,,,,,,,,,,,,,,,,,,,,
48,5,4.0,0,,,,,,,,,,,,,,,,,,,,,,,,,,,,,,,,,,,,,,,,
28,5,5.0,2,7.0,9.0,,,,,,,,,,,,,,,,,,,,,,,,,,,,,,,,,,,,,,
41,5,5.0,4,10.0,9.0,9.0,7.0,,,,,,,,,,,,,,,,,,,,,,,,,,,,,,,,,,,,
24,5,2.0,3,9.0,9.0,6.0,,,,,,,,,,,,,,,,,,,,,,,,,,,,,,,,,,,,,
23,5,,3,6.0,9.0,8.0,,,,,,,,,,,,,,,,,,,,,,,,,,,,,,,,,,,,,
29,5,4.0,1,6.0,,,,,,,,,,,,,,,,,,,,,,,,,,,,,,,,,,,,,,,
28,5,6.0,4,6.0,7.0,7.0,7.0,,,,,,,,,,,,,,,,,,,,,,,,,,,,,,,,,,,,
23,5,3.0,4,9.0,9.0,6.0,6.0,,,,,,,,,,,,,,,,,,,,,,,,,,,,,,,,,,,,
26,5,4.0,10,6.0,6.0,6.0,6.0,6.0,9.0,9.0,7.0,6.0,6.0,,,,,,,,,,,,,,,,,,,,,,,,,,,,,,
20,5,4.0,4,6.0,6.0,6.0,6.0,,,,,,,,,,,,,,,,,,,,,,,,,,,,,,,,,,,,
22,5,4.0,4,5.0,5.0,6.0,6.0,,,,,,,,,,,,,,,,,,,,,,,,,,,,,,,,,,,,
42,5,6.0,3,8.0,9.0,6.0,,,,,,,,,,,,,,,,,,,,,,,,,,,,,,,,,,,,,
41,5,2.0,0,,,,,,,,,,,,,,,,,,,,,,,,,,,,,,,,,,,,,,,,
27,5,5.0,12,6.0,6.0,10.0,9.0,8.0,8.0,8.0,8.0,8.0,8.0,6.0,8.0,,,,,,,,,,,,,,,,,,,,,,,,,,,,
29,5,5.0,2,6.0,9.0,,,,,,,,,,,,,,,,,,,,,,,,,,,,,,,,,,,,,,
43,5,3.0,2,3.0,3.0,,,,,,,,,,,,,,,,,,,,,,,,,,,,,,,,,,,,,,
28,5,5.0,2,9.0,10.0,,,,,,,,,,,,,,,,,,,,,,,,,,,,,,,,,,,,,,
38,5,6.0,0,,,,,,,,,,,,,,,,,,,,,,,,,,,,,,,,,,,,,,,,
50,5,4.0,3,8.0,9.0,8.0,,,,,,,,,,,,,,,,,,,,,,,,,,,,,,,,,,,,,
60,5,2.0,4,9.0,10.0,7.0,9.0,,,,,,,,,,,,,,,,,,,,,,,,,,,,,,,,,,,,
32,5,6.0,0,,,,,,,,,,,,,,,,,,,,,,,,,,,,,,,,,,,,,,,,
39,5,5.0,2,9.0,10.0,,,,,,,,,,,,,,,,,,,,,,,,,,,,,,,,,,,,,,
39,5,2.0,2,10.0,10.0,,,,,,,,,,,,,,,,,,,,,,,,,,,,,,,,,,,,,,
43,5,3.0,2,8.0,3.0,,,,,,,,,,,,,,,,,,,,,,,,,,,,,,,,,,,,,,
39,5,5.0,6,2.0,2.0,8.0,8.0,9.0,10.0,,,,,,,,,,,,,,,,,,,,,,,,,,,,,,,,,,
61,5,6.0,10,10.0,10.0,10.0,1.0,7.0,6.0,9.0,9.0,9.0,7.0,,,,,,,,,,,,,,,,,,,,,,,,,,,,,,
41,5,5.0,1,10.0,,,,,,,,,,,,,,,,,,,,,,,,,,,,,,,,,,,,,,,
63,5,5.0,10,10.0,10.0,9.0,9.0,10.0,10.0,10.0,10.0,10.0,10.0,,,,,,,,,,,,,,,,,,,,,,,,,,,,,,
63,5,4.0,3,7.0,8.0,8.0,,,,,,,,,,,,,,,,,,,,,,,,,,,,,,,,,,,,,
64,5,5.0,7,7.0,8.0,10.0,10.0,10.0,10.0,10.0,,,,,,,,,,,,,,,,,,,,,,,,,,,,,,,,,
48,5,3.0,2,4.0,9.0,,,,,,,,,,,,,,,,,,,,,,,,,,,,,,,,,,,,,,
42,5,3.0,2,8.0,3.0,,,,,,,,,,,,,,,,,,,,,,,,,,,,,,,,,,,,,,
55,5,3.0,5,10.0,8.0,8.0,7.0,7.0,,,,,,,,,,,,,,,,,,,,,,,,,,,,,,,,,,,
62,5,5.0,6,10.0,10.0,10.0,10.0,10.0,10.0,,,,,,,,,,,,,,,,,,,,,,,,,,,,,,,,,,
38,5,4.0,2,7.0,8.0,,,,,,,,,,,,,,,,,,,,,,,,,,,,,,,,,,,,,,
63,5,5.0,3,10.0,7.0,9.0,,,,,,,,,,,,,,,,,,,,,,,,,,,,,,,,,,,,,
33,5,2.0,1,7.0,,,,,,,,,,,,,,,,,,,,,,,,,,,,,,,,,,,,,,,
64,5,6.0,1,10.0,,,,,,,,,,,,,,,,,,,,,,,,,,,,,,,,,,,,,,,
33,5,3.0,5,10.0,10.0,3.0,3.0,7.0,,,,,,,,,,,,,,,,,,,,,,,,,,,,,,,,,,,
36,5,5.0,3,9.0,7.0,7.0,,,,,,,,,,,,,,,,,,,,,,,,,,,,,,,,,,,,,
55,5,6.0,0,,,,,,,,,,,,,,,,,,,,,,,,,,,,,,,,,,,,,,,,
58,5,6.0,1,10.0,,,,,,,,,,,,,,,,,,,,,,,,,,,,,,,,,,,,,,,
35,5,5.0,1,8.0,,,,,,,,,,,,,,,,,,,,,,,,,,,,,,,,,,,,,,,
35,5,5.0,0,,,,,,,,,,,,,,,,,,,,,,,,,,,,,,,,,,,,,,,,
56,5,2.0,3,6.0,6.0,9.0,,,,,,,,,,,,,,,,,,,,,,,,,,,,,,,,,,,,,
33,5,5.0,2,7.0,1.0,,,,,,,,,,,,,,,,,,,,,,,,,,,,,,,,,,,,,,
31,5,4.0,10,8.0,8.0,8.0,7.0,9.0,7.0,7.0,8.0,9.0,7.0,,,,,,,,,,,,,,,,,,,,,,,,,,,,,,
69,5,3.0,1,9.0,,,,,,,,,,,,,,,,,,,,,,,,,,,,,,,,,,,,,,,
62,5,4.0,4,10.0,6.0,10.0,8.0,,,,,,,,,,,,,,,,,,,,,,,,,,,,,,,,,,,,
34,5,6.0,2,7.0,2.0,,,,,,,,,,,,,,,,,,,,,,,,,,,,,,,,,,,,,,
25,5,6.0,5,6.0,8.0,7.0,7.0,7.0,,,,,,,,,,,,,,,,,,,,,,,,,,,,,,,,,,,
37,5,2.0,2,1.0,7.0,,,,,,,,,,,,,,,,,,,,,,,,,,,,,,,,,,,,,,
54,5,3.0,1,9.0,,,,,,,,,,,,,,,,,,,,,,,,,,,,,,,,,,,,,,,
35,5,4.0,5,7.0,7.0,7.0,7.0,7.0,,,,,,,,,,,,,,,,,,,,,,,,,,,,,,,,,,,
54,5,6.0,5,9.0,9.0,9.0,9.0,9.0,,,,,,,,,,,,,,,,,,,,,,,,,,,,,,,,,,,
24,5,6.0,4,6.0,9.0,9.0,6.0,,,,,,,,,,,,,,,,,,,,,,,,,,,,,,,,,,,,
38,5,3.0,6,6.0,8.0,8.0,10.0,10.0,8.0,,,,,,,,,,,,,,,,,,,,,,,,,,,,,,,,,,
66,5,,0,,,,,,,,,,,,,,,,,,,,,,,,,,,,,,,,,,,,,,,,
43,5,2.0,4,4.0,8.0,10.0,11.0,,,,,,,,,,,,,,,,,,,,,,,,,,,,,,,,,,,,
51,5,2.0,1,9.0,,,,,,,,,,,,,,,,,,,,,,,,,,,,,,,,,,,,,,,
50,5,5.0,3,8.0,7.0,4.0,,,,,,,,,,,,,,,,,,,,,,,,,,,,,,,,,,,,,
34,5,5.0,0,,,,,,,,,,,,,,,,,,,,,,,,,,,,,,,,,,,,,,,,
43,5,4.0,0,,,,,,,,,,,,,,,,,,,,,,,,,,,,,,,,,,,,,,,,
36,5,2.0,1,7.0,,,,,,,,,,,,,,,,,,,,,,,,,,,,,,,,,,,,,,,
33,5,5.0,3,7.0,7.0,7.0,,,,,,,,,,,,,,,,,,,,,,,,,,,,,,,,,,,,,
29,5,5.0,2,10.0,10.0,,,,,,,,,,,,,,,,,,,,,,,,,,,,,,,,,,,,,,
63,5,2.0,1,10.0,,,,,,,,,,,,,,,,,,,,,,,,,,,,,,,,,,,,,,,
39,5,6.0,10,1.0,1.0,2.0,1.0,2.0,1.0,1.0,1.0,1.0,1.0,,,,,,,,,,,,,,,,,,,,,,,,,,,,,,
29,5,5.0,1,7.0,,,,,,,,,,,,,,,,,,,,,,,,,,,,,,,,,,,,,,,
70,5,3.0,3,10.0,10.0,9.0,,,,,,,,,,,,,,,,,,,,,,,,,,,,,,,,,,,,,
64,5,4.0,3,10.0,10.0,9.0,,,,,,,,,,,,,,,,,,,,,,,,,,,,,,,,,,,,,
56,5,4.0,6,8.0,9.0,8.0,8.0,6.0,9.0,,,,,,,,,,,,,,,,,,,,,,,,,,,,,,,,,,
24,5,4.0,0,,,,,,,,,,,,,,,,,,,,,,,,,,,,,,,,,,,,,,,,
33,5,2.0,2,9.0,9.0,,,,,,,,,,,,,,,,,,,,,,,,,,,,,,,,,,,,,,
21,5,5.0,3,6.0,6.0,6.0,,,,,,,,,,,,,,,,,,,,,,,,,,,,,,,,,,,,,
53,5,2.0,2,9.0,6.0,,,,,,,,,,,,,,,,,,,,,,,,,,,,,,,,,,,,,,
67,5,4.0,1,11.0,,,,,,,,,,,,,,,,,,,,,,,,,,,,,,,,,,,,,,,
60,5,3.0,1,10.0,,,,,,,,,,,,,,,,,,,,,,,,,,,,,,,,,,,,,,,
52,5,5.0,2,6.0,9.0,,,,,,,,,,,,,,,,,,,,,,,,,,,,,,,,,,,,,,
33,5,3.0,1,7.0,,,,,,,,,,,,,,,,,,,,,,,,,,,,,,,,,,,,,,,
55,5,6.0,12,8.0,8.0,9.0,9.0,8.0,9.0,8.0,9.0,7.0,9.0,10.0,7.0,,,,,,,,,,,,,,,,,,,,,,,,,,,,
35,5,4.0,3,8.0,8.0,7.0,,,,,,,,,,,,,,,,,,,,,,,,,,,,,,,,,,,,,
34,5,6.0,3,6.0,6.0,6.0,,,,,,,,,,,,,,,,,,,,,,,,,,,,,,,,,,,,,
35,5,4.0,5,7.0,10.0,10.0,9.0,8.0,,,,,,,,,,,,,,,,,,,,,,,,,,,,,,,,,,,
38,5,6.0,5,6.0,6.0,7.0,7.0,8.0,,,,,,,,,,,,,,,,,,,,,,,,,,,,,,,,,,,
28,5,5.0,5,6.0,6.0,7.0,6.0,9.0,,,,,,,,,,,,,,,,,,,,,,,,,,,,,,,,,,,
22,5,6.0,3,6.0,6.0,6.0,,,,,,,,,,,,,,,,,,,,,,,,,,,,,,,,,,,,,
24,5,4.0,3,6.0,8.0,9.0,,,,,,,,,,,,,,,,,,,,,,,,,,,,,,,,,,,,,
38,5,5.0,2,6.0,9.0,,,,,,,,,,,,,,,,,,,,,,,,,,,,,,,,,,,,,,
38,5,6.0,4,7.0,8.0,6.0,6.0,,,,,,,,,,,,,,,,,,,,,,,,,,,,,,,,,,,,
66,5,2.0,1,10.0,,,,,,,,,,,,,,,,,,,,,,,,,,,,,,,,,,,,,,,
27,5,4.0,5,9.0,9.0,9.0,7.0,8.0,,,,,,,,,,,,,,,,,,,,,,,,,,,,,,,,,,,
36,5,5.0,8,7.0,7.0,7.0,7.0,8.0,6.0,7.0,7.0,,,,,,,,,,,,,,,,,,,,,,,,,,,,,,,,
27,5,3.0,4,9.0,9.0,4.0,7.0,,,,,,,,,,,,,,,,,,,,,,,,,,,,,,,,,,,,
31,5,4.0,3,7.0,7.0,6.0,,,,,,,,,,,,,,,,,,,,,,,,,,,,,,,,,,,,,
34,5,6.0,6,7.0,7.0,6.0,7.0,6.0,6.0,,,,,,,,,,,,,,,,,,,,,,,,,,,,,,,,,,
29,5,2.0,0,,,,,,,,,,,,,,,,,,,,,,,,,,,,,,,,,,,,,,,,
69,5,,3,2.0,2.0,10.0,,,,,,,,,,,,,,,,,,,,,,,,,,,,,,,,,,,,,
50,5,3.0,10,8.0,5.0,4.0,10.0,9.0,8.0,9.0,7.0,7.0,7.0,,,,,,,,,,,,,,,,,,,,,,,,,,,,,,
23,5,4.0,4,6.0,6.0,6.0,6.0,,,,,,,,,,,,,,,,,,,,,,,,,,,,,,,,,,,,
28,5,5.0,0,,,,,,,,,,,,,,,,,,,,,,,,,,,,,,,,,,,,,,,,
31,5,6.0,5,7.0,8.0,6.0,8.0,7.0,,,,,,,,,,,,,,,,,,,,,,,,,,,,,,,,,,,
19,5,4.0,0,,,,,,,,,,,,,,,,,,,,,,,,,,,,,,,,,,,,,,,,
29,5,5.0,1,6.0,,,,,,,,,,,,,,,,,,,,,,,,,,,,,,,,,,,,,,,
35,5,5.0,3,7.0,7.0,7.0,,,,,,,,,,,,,,,,,,,,,,,,,,,,,,,,,,,,,
27,5,5.0,5,1.0,1.0,9.0,6.0,5.0,,,,,,,,,,,,,,,,,,,,,,,,,,,,,,,,,,,
28,5,6.0,2,6.0,6.0,,,,,,,,,,,,,,,,,,,,,,,,,,,,,,,,,,,,,,
37,5,6.0,5,9.0,6.0,6.0,6.0,10.0,,,,,,,,,,,,,,,,,,,,,,,,,,,,,,,,,,,
39,5,4.0,2,7.0,2.0,,,,,,,,,,,,,,,,,,,,,,,,,,,,,,,,,,,,,,
57,5,2.0,0,,,,,,,,,,,,,,,,,,,,,,,,,,,,,,,,,,,,,,,,
24,5,2.0,3,1.0,2.0,7.0,,,,,,,,,,,,,,,,,,,,,,,,,,,,,,,,,,,,,
26,5,4.0,20,6.0,9.0,9.0,7.0,6.0,6.0,6.0,7.0,7.0,9.0,9.0,9.0,9.0,9.0,9.0,9.0,9.0,9.0,9.0,9.0,,,,,,,,,,,,,,,,,,,,
53,5,5.0,3,9.0,6.0,6.0,,,,,,,,,,,,,,,,,,,,,,,,,,,,,,,,,,,,,
29,5,5.0,2,7.0,7.0,,,,,,,,,,,,,,,,,,,,,,,,,,,,,,,,,,,,,,
32,5,6.0,5,7.0,7.0,8.0,8.0,7.0,,,,,,,,,,,,,,,,,,,,,,,,,,,,,,,,,,,
25,5,,0,,,,,,,,,,,,,,,,,,,,,,,,,,,,,,,,,,,,,,,,
21,5,4.0,5,8.0,8.0,4.0,6.0,6.0,,,,,,,,,,,,,,,,,,,,,,,,,,,,,,,,,,,
46,5,5.0,10,8.0,8.0,7.0,8.0,7.0,8.0,3.0,4.0,5.0,8.0,,,,,,,,,,,,,,,,,,,,,,,,,,,,,,
26,5,5.0,1,6.0,,,,,,,,,,,,,,,,,,,,,,,,,,,,,,,,,,,,,,,
35,5,6.0,6,9.0,9.0,9.0,10.0,10.0,8.0,,,,,,,,,,,,,,,,,,,,,,,,,,,,,,,,,,
37,5,6.0,4,8.0,9.0,9.0,11.0,,,,,,,,,,,,,,,,,,,,,,,,,,,,,,,,,,,,
36,5,3.0,2,7.0,7.0,,,,,,,,,,,,,,,,,,,,,,,,,,,,,,,,,,,,,,
50,5,6.0,4,9.0,8.0,9.0,10.0,,,,,,,,,,,,,,,,,,,,,,,,,,,,,,,,,,,,
26,5,6.0,20,6.0,6.0,7.0,11.0,6.0,7.0,11.0,7.0,2.0,7.0,8.0,5.0,7.0,3.0,9.0,7.0,2.0,2.0,8.0,9.0,,,,,,,,,,,,,,,,,,,,
58,5,2.0,3,7.0,6.0,11.0,,,,,,,,,,,,,,,,,,,,,,,,,,,,,,,,,,,,,
21,5,6.0,5,7.0,7.0,6.0,6.0,7.0,,,,,,,,,,,,,,,,,,,,,,,,,,,,,,,,,,,
61,5,3.0,1,7.0,,,,,,,,,,,,,,,,,,,,,,,,,,,,,,,,,,,,,,,
60,5,4.0,10,10.0,10.0,10.0,10.0,10.0,10.0,10.0,10.0,10.0,10.0,,,,,,,,,,,,,,,,,,,,,,,,,,,,,,
27,5,5.0,1,9.0,,,,,,,,,,,,,,,,,,,,,,,,,,,,,,,,,,,,,,,
29,5,4.0,4,6.0,6.0,6.0,6.0,,,,,,,,,,,,,,,,,,,,,,,,,,,,,,,,,,,,
42,5,5.0,1,8.0,,,,,,,,,,,,,,,,,,,,,,,,,,,,,,,,,,,,,,,
21,5,4.0,5,9.0,9.0,6.0,6.0,6.0,,,,,,,,,,,,,,,,,,,,,,,,,,,,,,,,,,,
28,5,6.0,1,8.0,,,,,,,,,,,,,,,,,,,,,,,,,,,,,,,,,,,,,,,
48,5,5.0,4,7.0,7.0,7.0,8.0,,,,,,,,,,,,,,,,,,,,,,,,,,,,,,,,,,,,
25,5,5.0,2,9.0,8.0,,,,,,,,,,,,,,,,,,,,,,,,,,,,,,,,,,,,,,
27,5,4.0,1,6.0,,,,,,,,,,,,,,,,,,,,,,,,,,,,,,,,,,,,,,,
25,5,2.0,0,,,,,,,,,,,,,,,,,,,,,,,,,,,,,,,,,,,,,,,,
25,5,4.0,3,8.0,9.0,5.0,,,,,,,,,,,,,,,,,,,,,,,,,,,,,,,,,,,,,
29,5,5.0,1,3.0,,,,,,,,,,,,,,,,,,,,,,,,,,,,,,,,,,,,,,,
34,5,3.0,4,10.0,10.0,7.0,1.0,,,,,,,,,,,,,,,,,,,,,,,,,,,,,,,,,,,,
39,5,6.0,1,8.0,,,,,,,,,,,,,,,,,,,,,,,,,,,,,,,,,,,,,,,
44,5,6.0,3,8.0,11.0,8.0,,,,,,,,,,,,,,,,,,,,,,,,,,,,,,,,,,,,,
40,5,5.0,9,2.0,2.0,8.0,7.0,11.0,8.0,1.0,2.0,8.0,,,,,,,,,,,,,,,,,,,,,,,,,,,,,,,
49,5,6.0,0,,,,,,,,,,,,,,,,,,,,,,,,,,,,,,,,,,,,,,,,
43,5,6.0,3,11.0,9.0,11.0,,,,,,,,,,,,,,,,,,,,,,,,,,,,,,,,,,,,,
30,5,,1,6.0,,,,,,,,,,,,,,,,,,,,,,,,,,,,,,,,,,,,,,,
23,5,5.0,0,,,,,,,,,,,,,,,,,,,,,,,,,,,,,,,,,,,,,,,,
49,5,5.0,0,,,,,,,,,,,,,,,,,,,,,,,,,,,,,,,,,,,,,,,,
41,5,5.0,4,8.0,2.0,10.0,6.0,,,,,,,,,,,,,,,,,,,,,,,,,,,,,,,,,,,,
45,5,,3,8.0,4.0,5.0,,,,,,,,,,,,,,,,,,,,,,,,,,,,,,,,,,,,,
40,5,6.0,0,,,,,,,,,,,,,,,,,,,,,,,,,,,,,,,,,,,,,,,,
35,5,5.0,1,7.0,,,,,,,,,,,,,,,,,,,,,,,,,,,,,,,,,,,,,,,
39,5,6.0,1,7.0,,,,,,,,,,,,,,,,,,,,,,,,,,,,,,,,,,,,,,,
42,5,6.0,1,7.0,,,,,,,,,,,,,,,,,,,,,,,,,,,,,,,,,,,,,,,
28,5,6.0,1,7.0,,,,,,,,,,,,,,,,,,,,,,,,,,,,,,,,,,,,,,,
35,5,5.0,10,8.0,7.0,7.0,7.0,7.0,7.0,7.0,7.0,7.0,7.0,,,,,,,,,,,,,,,,,,,,,,,,,,,,,,
49,5,4.0,4,11.0,9.0,11.0,8.0,,,,,,,,,,,,,,,,,,,,,,,,,,,,,,,,,,,,
34,5,4.0,2,7.0,7.0,,,,,,,,,,,,,,,,,,,,,,,,,,,,,,,,,,,,,,
38,5,4.0,0,,,,,,,,,,,,,,,,,,,,,,,,,,,,,,,,,,,,,,,,
29,5,6.0,1,6.0,,,,,,,,,,,,,,,,,,,,,,,,,,,,,,,,,,,,,,,
37,5,5.0,2,8.0,8.0,,,,,,,,,,,,,,,,,,,,,,,,,,,,,,,,,,,,,,
33,5,5.0,3,8.0,2.0,2.0,,,,,,,,,,,,,,,,,,,,,,,,,,,,,,,,,,,,,
45,5,4.0,1,3.0,,,,,,,,,,,,,,,,,,,,,,,,,,,,,,,,,,,,,,,
40,5,2.0,1,8.0,,,,,,,,,,,,,,,,,,,,,,,,,,,,,,,,,,,,,,,
39,5,5.0,3,2.0,3.0,8.0,,,,,,,,,,,,,,,,,,,,,,,,,,,,,,,,,,,,,
43,5,4.0,5,9.0,4.0,8.0,7.0,7.0,,,,,,,,,,,,,,,,,,,,,,,,,,,,,,,,,,,
49,5,6.0,5,6.0,6.0,8.0,8.0,8.0,,,,,,,,,,,,,,,,,,,,,,,,,,,,,,,,,,,
45,5,5.0,2,9.0,6.0,,,,,,,,,,,,,,,,,,,,,,,,,,,,,,,,,,,,,,
38,5,6.0,2,7.0,8.0,,,,,,,,,,,,,,,,,,,,,,,,,,,,,,,,,,,,,,
48,5,6.0,3,9.0,9.0,8.0,,,,,,,,,,,,,,,,,,,,,,,,,,,,,,,,,,,,,
42,5,3.0,2,11.0,11.0,,,,,,,,,,,,,,,,,,,,,,,,,,,,,,,,,,,,,,
49,5,4.0,3,8.0,5.0,3.0,,,,,,,,,,,,,,,,,,,,,,,,,,,,,,,,,,,,,
42,5,4.0,5,7.0,7.0,7.0,7.0,7.0,,,,,,,,,,,,,,,,,,,,,,,,,,,,,,,,,,,
33,5,3.0,0,,,,,,,,,,,,,,,,,,,,,,,,,,,,,,,,,,,,,,,,
43,5,4.0,5,4.0,8.0,8.0,8.0,8.0,,,,,,,,,,,,,,,,,,,,,,,,,,,,,,,,,,,
40,5,5.0,2,,,,,,,,,,,,,,,,,,,,,,,,,,,,,,,,,,,,,,,,
44,5,6.0,1,8.0,,,,,,,,,,,,,,,,,,,,,,,,,,,,,,,,,,,,,,,
44,5,,0,,,,,,,,,,,,,,,,,,,,,,,,,,,,,,,,,,,,,,,,
50,5,2.0,2,9.0,12.0,,,,,,,,,,,,,,,,,,,,,,,,,,,,,,,,,,,,,,
38,5,5.0,7,8.0,3.0,6.0,8.0,10.0,6.0,6.0,,,,,,,,,,,,,,,,,,,,,,,,,,,,,,,,,
37,5,3.0,2,10.0,9.0,,,,,,,,,,,,,,,,,,,,,,,,,,,,,,,,,,,,,,
43,5,4.0,0,,,,,,,,,,,,,,,,,,,,,,,,,,,,,,,,,,,,,,,,
33,5,5.0,1,8.0,,,,,,,,,,,,,,,,,,,,,,,,,,,,,,,,,,,,,,,
6,2,5.0,5,11.0,11.0,8.0,7.0,3.0,,,,,,,,,,,,,,,,,,,,,,,,,,,,,,,,,,,
10,5,3.0,3,8.0,8.0,3.0,,,,,,,,,,,,,,,,,,,,,,,,,,,,,,,,,,,,,
18,2,3.0,0,,,,,,,,,,,,,,,,,,,,,,,,,,,,,,,,,,,,,,,,
16,5,2.0,3,9.0,8.0,5.0,,,,,,,,,,,,,,,,,,,,,,,,,,,,,,,,,,,,,
17,2,3.0,4,9.0,5.0,6.0,8.0,,,,,,,,,,,,,,,,,,,,,,,,,,,,,,,,,,,,
4,5,6.0,3,2.0,2.0,2.0,,,,,,,,,,,,,,,,,,,,,,,,,,,,,,,,,,,,,
3,2,3.0,5,2.0,8.0,8.0,9.0,10.0,,,,,,,,,,,,,,,,,,,,,,,,,,,,,,,,,,,
8,2,3.0,1,8.0,,,,,,,,,,,,,,,,,,,,,,,,,,,,,,,,,,,,,,,
11,5,4.0,2,3.0,3.0,,,,,,,,,,,,,,,,,,,,,,,,,,,,,,,,,,,,,,
3,2,3.0,2,8.0,7.0,,,,,,,,,,,,,,,,,,,,,,,,,,,,,,,,,,,,,,
2,2,3.0,2,7.0,7.0,,,,,,,,,,,,,,,,,,,,,,,,,,,,,,,,,,,,,,
6,5,,0,,,,,,,,,,,,,,,,,,,,,,,,,,,,,,,,,,,,,,,,
4,5,4.0,5,2.0,2.0,2.0,6.0,6.0,,,,,,,,,,,,,,,,,,,,,,,,,,,,,,,,,,,
6,2,3.0,3,7.0,7.0,3.0,,,,,,,,,,,,,,,,,,,,,,,,,,,,,,,,,,,,,
14,5,2.0,4,1.0,3.0,7.0,7.0,,,,,,,,,,,,,,,,,,,,,,,,,,,,,,,,,,,,
3,5,5.0,1,1.0,,,,,,,,,,,,,,,,,,,,,,,,,,,,,,,,,,,,,,,
8,2,3.0,3,8.0,8.0,2.0,,,,,,,,,,,,,,,,,,,,,,,,,,,,,,,,,,,,,
11,5,2.0,0,,,,,,,,,,,,,,,,,,,,,,,,,,,,,,,,,,,,,,,,
6,2,2.0,1,8.0,,,,,,,,,,,,,,,,,,,,,,,,,,,,,,,,,,,,,,,
7,2,4.0,2,3.0,3.0,,,,,,,,,,,,,,,,,,,,,,,,,,,,,,,,,,,,,,
7,2,3.0,3,8.0,7.0,2.0,,,,,,,,,,,,,,,,,,,,,,,,,,,,,,,,,,,,,
3,2,3.0,2,2.0,2.0,,,,,,,,,,,,,,,,,,,,,,,,,,,,,,,,,,,,,,
7,2,4.0,2,8.0,8.0,,,,,,,,,,,,,,,,,,,,,,,,,,,,,,,,,,,,,,
3,2,2.0,4,8.0,7.0,10.0,10.0,,,,,,,,,,,,,,,,,,,,,,,,,,,,,,,,,,,,
7,2,6.0,1,2.0,,,,,,,,,,,,,,,,,,,,,,,,,,,,,,,,,,,,,,,
3,5,4.0,1,6.0,,,,,,,,,,,,,,,,,,,,,,,,,,,,,,,,,,,,,,,
17,5,4.0,6,5.0,5.0,5.0,9.0,8.0,4.0,,,,,,,,,,,,,,,,,,,,,,,,,,,,,,,,,,
12,5,4.0,2,7.0,8.0,,,,,,,,,,,,,,,,,,,,,,,,,,,,,,,,,,,,,,
12,2,3.0,1,8.0,,,,,,,,,,,,,,,,,,,,,,,,,,,,,,,,,,,,,,,
14,5,3.0,2,8.0,8.0,,,,,,,,,,,,,,,,,,,,,,,,,,,,,,,,,,,,,,
14,5,5.0,3,3.0,8.0,8.0,,,,,,,,,,,,,,,,,,,,,,,,,,,,,,,,,,,,,
9,2,3.0,0,,,,,,,,,,,,,,,,,,,,,,,,,,,,,,,,,,,,,,,,
17,2,2.0,5,8.0,4.0,8.0,11.0,6.0,,,,,,,,,,,,,,,,,,,,,,,,,,,,,,,,,,,
6,2,2.0,2,7.0,7.0,,,,,,,,,,,,,,,,,,,,,,,,,,,,,,,,,,,,,,
7,5,4.0,0,,,,,,,,,,,,,,,,,,,,,,,,,,,,,,,,,,,,,,,,
4,2,2.0,5,7.0,7.0,10.0,10.0,7.0,,,,,,,,,,,,,,,,,,,,,,,,,,,,,,,,,,,
6,2,4.0,16,3.0,7.0,7.0,2.0,2.0,2.0,2.0,2.0,2.0,2.0,2.0,2.0,2.0,2.0,2.0,2.0,,,,,,,,,,,,,,,,,,,,,,,,
15,2,2.0,3,9.0,9.0,6.0,,,,,,,,,,,,,,,,,,,,,,,,,,,,,,,,,,,,,
5,2,3.0,4,8.0,7.0,11.0,10.0,,,,,,,,,,,,,,,,,,,,,,,,,,,,,,,,,,,,
3,5,4.0,7,3.0,7.0,7.0,7.0,6.0,2.0,2.0,,,,,,,,,,,,,,,,,,,,,,,,,,,,,,,,,
3,2,5.0,0,,,,,,,,,,,,,,,,,,,,,,,,,,,,,,,,,,,,,,,,
2,2,2.0,2,8.0,7.0,,,,,,,,,,,,,,,,,,,,,,,,,,,,,,,,,,,,,,
1,5,2.0,3,7.0,7.0,3.0,,,,,,,,,,,,,,,,,,,,,,,,,,,,,,,,,,,,,
4,2,3.0,5,8.0,7.0,11.0,10.0,7.0,,,,,,,,,,,,,,,,,,,,,,,,,,,,,,,,,,,
16,2,2.0,1,5.0,,,,,,,,,,,,,,,,,,,,,,,,,,,,,,,,,,,,,,,
16,2,3.0,3,6.0,6.0,9.0,,,,,,,,,,,,,,,,,,,,,,,,,,,,,,,,,,,,,
7,5,,3,3.0,8.0,8.0,,,,,,,,,,,,,,,,,,,,,,,,,,,,,,,,,,,,,
8,2,,3,8.0,8.0,8.0,,,,,,,,,,,,,,,,,,,,,,,,,,,,,,,,,,,,,
17,2,2.0,3,5.0,9.0,9.0,,,,,,,,,,,,,,,,,,,,,,,,,,,,,,,,,,,,,
16,5,6.0,2,9.0,9.0,,,,,,,,,,,,,,,,,,,,,,,,,,,,,,,,,,,,,,
8,2,4.0,3,8.0,7.0,3.0,,,,,,,,,,,,,,,,,,,,,,,,,,,,,,,,,,,,,
10,2,,4,8.0,8.0,11.0,11.0,,,,,,,,,,,,,,,,,,,,,,,,,,,,,,,,,,,,
10,2,6.0,3,2.0,3.0,6.0,,,,,,,,,,,,,,,,,,,,,,,,,,,,,,,,,,,,,
7,2,2.0,0,,,,,,,,,,,,,,,,,,,,,,,,,,,,,,,,,,,,,,,,
14,5,3.0,3,8.0,8.0,5.0,,,,,,,,,,,,,,,,,,,,,,,,,,,,,,,,,,,,,
5,2,5.0,3,10.0,10.0,7.0,,,,,,,,,,,,,,,,,,,,,,,,,,,,,,,,,,,,,
5,2,3.0,6,6.0,5.0,8.0,5.0,5.0,6.0,,,,,,,,,,,,,,,,,,,,,,,,,,,,,,,,,,
9,2,3.0,5,8.0,8.0,7.0,7.0,9.0,,,,,,,,,,,,,,,,,,,,,,,,,,,,,,,,,,,
7,5,4.0,2,8.0,8.0,,,,,,,,,,,,,,,,,,,,,,,,,,,,,,,,,,,,,,
4,5,4.0,3,8.0,7.0,2.0,,,,,,,,,,,,,,,,,,,,,,,,,,,,,,,,,,,,,
8,5,3.0,2,8.0,8.0,,,,,,,,,,,,,,,,,,,,,,,,,,,,,,,,,,,,,,
8,2,3.0,2,7.0,8.0,,,,,,,,,,,,,,,,,,,,,,,,,,,,,,,,,,,,,,
18,2,4.0,10,5.0,5.0,5.0,5.0,6.0,5.0,5.0,5.0,6.0,5.0,,,,,,,,,,,,,,,,,,,,,,,,,,,,,,
18,2,4.0,4,5.0,4.0,3.0,9.0,,,,,,,,,,,,,,,,,,,,,,,,,,,,,,,,,,,,
11,5,2.0,6,3.0,3.0,10.0,10.0,7.0,7.0,,,,,,,,,,,,,,,,,,,,,,,,,,,,,,,,,,
5,2,3.0,0,,,,,,,,,,,,,,,,,,,,,,,,,,,,,,,,,,,,,,,,
14,5,3.0,1,4.0,,,,,,,,,,,,,,,,,,,,,,,,,,,,,,,,,,,,,,,
12,5,2.0,1,3.0,,,,,,,,,,,,,,,,,,,,,,,,,,,,,,,,,,,,,,,
8,5,6.0,22,3.0,3.0,3.0,3.0,3.0,3.0,3.0,8.0,8.0,3.0,3.0,3.0,3.0,3.0,3.0,3.0,3.0,3.0,8.0,7.0,7.0,8.0,,,,,,,,,,,,,,,,,,
8,5,3.0,3,8.0,8.0,3.0,,,,,,,,,,,,,,,,,,,,,,,,,,,,,,,,,,,,,
6,2,,0,,,,,,,,,,,,,,,,,,,,,,,,,,,,,,,,,,,,,,,,
10,5,3.0,0,,,,,,,,,,,,,,,,,,,,,,,,,,,,,,,,,,,,,,,,
7,5,5.0,10,2.0,2.0,2.0,2.0,2.0,2.0,2.0,2.0,2.0,7.0,,,,,,,,,,,,,,,,,,,,,,,,,,,,,,
2,5,2.0,5,7.0,7.0,7.0,1.0,1.0,,,,,,,,,,,,,,,,,,,,,,,,,,,,,,,,,,,
18,2,3.0,2,8.0,4.0,,,,,,,,,,,,,,,,,,,,,,,,,,,,,,,,,,,,,,
1,2,,2,7.0,7.0,,,,,,,,,,,,,,,,,,,,,,,,,,,,,,,,,,,,,,
12,2,3.0,2,7.0,7.0,,,,,,,,,,,,,,,,,,,,,,,,,,,,,,,,,,,,,,
16,2,2.0,2,3.0,9.0,,,,,,,,,,,,,,,,,,,,,,,,,,,,,,,,,,,,,,
10,5,2.0,1,3.0,,,,,,,,,,,,,,,,,,,,,,,,,,,,,,,,,,,,,,,
10,5,4.0,4,10.0,10.0,8.0,8.0,,,,,,,,,,,,,,,,,,,,,,,,,,,,,,,,,,,,
8,5,4.0,3,3.0,3.0,7.0,,,,,,,,,,,,,,,,,,,,,,,,,,,,,,,,,,,,,
15,5,,5,5.0,3.0,8.0,8.0,5.0,,,,,,,,,,,,,,,,,,,,,,,,,,,,,,,,,,,
5,2,3.0,3,7.0,8.0,3.0,,,,,,,,,,,,,,,,,,,,,,,,,,,,,,,,,,,,,
8,5,2.0,6,8.0,7.0,2.0,2.0,1.0,10.0,,,,,,,,,,,,,,,,,,,,,,,,,,,,,,,,,,
17,2,6.0,5,5.0,9.0,9.0,11.0,8.0,,,,,,,,,,,,,,,,,,,,,,,,,,,,,,,,,,,
2,2,2.0,0,,,,,,,,,,,,,,,,,,,,,,,,,,,,,,,,,,,,,,,,
4,5,2.0,0,,,,,,,,,,,,,,,,,,,,,,,,,,,,,,,,,,,,,,,,
16,5,3.0,2,9.0,9.0,,,,,,,,,,,,,,,,,,,,,,,,,,,,,,,,,,,,,,
16,2,,2,9.0,6.0,,,,,,,,,,,,,,,,,,,,,,,,,,,,,,,,,,,,,,
8,2,3.0,3,3.0,8.0,7.0,,,,,,,,,,,,,,,,,,,,,,,,,,,,,,,,,,,,,
5,2,4.0,2,2.0,3.0,,,,,,,,,,,,,,,,,,,,,,,,,,,,,,,,,,,,,,
8,5,4.0,3,8.0,10.0,3.0,,,,,,,,,,,,,,,,,,,,,,,,,,,,,,,,,,,,,
2,2,2.0,2,7.0,7.0,,,,,,,,,,,,,,,,,,,,,,,,,,,,,,,,,,,,,,
4,2,2.0,2,8.0,8.0,,,,,,,,,,,,,,,,,,,,,,,,,,,,,,,,,,,,,,
16,5,6.0,4,5.0,1.0,4.0,7.0,,,,,,,,,,,,,,,,,,,,,,,,,,,,,,,,,,,,
5,2,2.0,3,8.0,8.0,10.0,,,,,,,,,,,,,,,,,,,,,,,,,,,,,,,,,,,,,
16,2,3.0,4,8.0,8.0,4.0,3.0,,,,,,,,,,,,,,,,,,,,,,,,,,,,,,,,,,,,
2,5,2.0,10,8.0,8.0,3.0,3.0,11.0,8.0,7.0,7.0,10.0,10.0,,,,,,,,,,,,,,,,,,,,,,,,,,,,,,
6,5,3.0,2,7.0,8.0,,,,,,,,,,,,,,,,,,,,,,,,,,,,,,,,,,,,,,
11,2,3.0,1,7.0,,,,,,,,,,,,,,,,,,,,,,,,,,,,,,,,,,,,,,,
17,5,2.0,3,4.0,8.0,8.0,,,,,,,,,,,,,,,,,,,,,,,,,,,,,,,,,,,,,
10,5,6.0,10,3.0,3.0,3.0,3.0,7.0,7.0,10.0,10.0,2.0,2.0,,,,,,,,,,,,,,,,,,,,,,,,,,,,,,
17,2,5.0,4,5.0,6.0,8.0,8.0,,,,,,,,,,,,,,,,,,,,,,,,,,,,,,,,,,,,
4,2,3.0,3,2.0,8.0,7.0,,,,,,,,,,,,,,,,,,,,,,,,,,,,,,,,,,,,,
17,5,4.0,4,9.0,9.0,4.0,5.0,,,,,,,,,,,,,,,,,,,,,,,,,,,,,,,,,,,,
14,5,3.0,5,10.0,10.0,8.0,8.0,5.0,,,,,,,,,,,,,,,,,,,,,,,,,,,,,,,,,,,
14,5,,1,4.0,,,,,,,,,,,,,,,,,,,,,,,,,,,,,,,,,,,,,,,
2,5,3.0,4,7.0,7.0,10.0,8.0,,,,,,,,,,,,,,,,,,,,,,,,,,,,,,,,,,,,
16,5,3.0,5,9.0,9.0,6.0,6.0,9.0,,,,,,,,,,,,,,,,,,,,,,,,,,,,,,,,,,,
18,5,4.0,10,6.0,5.0,5.0,6.0,5.0,4.0,5.0,5.0,5.0,5.0,,,,,,,,,,,,,,,,,,,,,,,,,,,,,,
1,5,,2,7.0,7.0,,,,,,,,,,,,,,,,,,,,,,,,,,,,,,,,,,,,,,
2,2,4.0,4,7.0,7.0,6.0,2.0,,,,,,,,,,,,,,,,,,,,,,,,,,,,,,,,,,,,
6,2,6.0,2,7.0,7.0,,,,,,,,,,,,,,,,,,,,,,,,,,,,,,,,,,,,,,
18,2,,3,9.0,4.0,11.0,,,,,,,,,,,,,,,,,,,,,,,,,,,,,,,,,,,,,
12,2,3.0,0,,,,,,,,,,,,,,,,,,,,,,,,,,,,,,,,,,,,,,,,
15,2,2.0,2,8.0,8.0,,,,,,,,,,,,,,,,,,,,,,,,,,,,,,,,,,,,,,
17,5,6.0,8,8.0,8.0,6.0,4.0,5.0,5.0,5.0,5.0,,,,,,,,,,,,,,,,,,,,,,,,,,,,,,,,
4,2,5.0,2,8.0,8.0,,,,,,,,,,,,,,,,,,,,,,,,,,,,,,,,,,,,,,
18,2,,4,8.0,7.0,8.0,7.0,,,,,,,,,,,,,,,,,,,,,,,,,,,,,,,,,,,,
15,5,2.0,0,,,,,,,,,,,,,,,,,,,,,,,,,,,,,,,,,,,,,,,,
3,2,4.0,5,1.0,1.0,1.0,1.0,1.0,,,,,,,,,,,,,,,,,,,,,,,,,,,,,,,,,,,
2,5,4.0,0,,,,,,,,,,,,,,,,,,,,,,,,,,,,,,,,,,,,,,,,
10,2,5.0,3,6.0,7.0,7.0,,,,,,,,,,,,,,,,,,,,,,,,,,,,,,,,,,,,,
2,2,2.0,3,7.0,7.0,2.0,,,,,,,,,,,,,,,,,,,,,,,,,,,,,,,,,,,,,
9,2,3.0,3,8.0,8.0,3.0,,,,,,,,,,,,,,,,,,,,,,,,,,,,,,,,,,,,,
8,5,2.0,0,,,,,,,,,,,,,,,,,,,,,,,,,,,,,,,,,,,,,,,,
9,2,2.0,2,8.0,8.0,,,,,,,,,,,,,,,,,,,,,,,,,,,,,,,,,,,,,,
8,2,,2,3.0,3.0,,,,,,,,,,,,,,,,,,,,,,,,,,,,,,,,,,,,,,
5,5,4.0,2,7.0,7.0,,,,,,,,,,,,,,,,,,,,,,,,,,,,,,,,,,,,,,
4,5,2.0,2,8.0,8.0,,,,,,,,,,,,,,,,,,,,,,,,,,,,,,,,,,,,,,
3,2,5.0,2,8.0,7.0,,,,,,,,,,,,,,,,,,,,,,,,,,,,,,,,,,,,,,
7,5,2.0,3,2.0,7.0,3.0,,,,,,,,,,,,,,,,,,,,,,,,,,,,,,,,,,,,,
10,5,2.0,3,4.0,8.0,9.0,,,,,,,,,,,,,,,,,,,,,,,,,,,,,,,,,,,,,
11,5,2.0,3,8.0,8.0,3.0,,,,,,,,,,,,,,,,,,,,,,,,,,,,,,,,,,,,,
2,2,3.0,2,1.0,7.0,,,,,,,,,,,,,,,,,,,,,,,,,,,,,,,,,,,,,,
3,2,4.0,14,1.0,1.0,1.0,1.0,1.0,1.0,1.0,7.0,7.0,7.0,10.0,10.0,12.0,9.0,,,,,,,,,,,,,,,,,,,,,,,,,,
15,2,3.0,2,8.0,8.0,,,,,,,,,,,,,,,,,,,,,,,,,,,,,,,,,,,,,,
2,2,4.0,0,,,,,,,,,,,,,,,,,,,,,,,,,,,,,,,,,,,,,,,,
5,2,,2,8.0,8.0,,,,,,,,,,,,,,,,,,,,,,,,,,,,,,,,,,,,,,
4,2,3.0,3,7.0,7.0,2.0,,,,,,,,,,,,,,,,,,,,,,,,,,,,,,,,,,,,,
7,5,5.0,3,8.0,7.0,3.0,,,,,,,,,,,,,,,,,,,,,,,,,,,,,,,,,,,,,
7,5,5.0,3,8.0,7.0,3.0,,,,,,,,,,,,,,,,,,,,,,,,,,,,,,,,,,,,,
7,2,3.0,3,7.0,7.0,6.0,,,,,,,,,,,,,,,,,,,,,,,,,,,,,,,,,,,,,
6,2,4.0,3,2.0,2.0,2.0,,,,,,,,,,,,,,,,,,,,,,,,,,,,,,,,,,,,,
7,2,4.0,3,2.0,2.0,7.0,,,,,,,,,,,,,,,,,,,,,,,,,,,,,,,,,,,,,
3,2,3.0,2,7.0,7.0,,,,,,,,,,,,,,,,,,,,,,,,,,,,,,,,,,,,,,
18,2,6.0,4,5.0,6.0,9.0,9.0,,,,,,,,,,,,,,,,,,,,,,,,,,,,,,,,,,,,
3,5,3.0,5,1.0,1.0,7.0,2.0,2.0,,,,,,,,,,,,,,,,,,,,,,,,,,,,,,,,,,,
2,2,2.0,5,7.0,7.0,7.0,9.0,9.0,,,,,,,,,,,,,,,,,,,,,,,,,,,,,,,,,,,
3,5,5.0,4,7.0,7.0,2.0,1.0,,,,,,,,,,,,,,,,,,,,,,,,,,,,,,,,,,,,
3,5,4.0,5,2.0,7.0,5.0,7.0,11.0,,,,,,,,,,,,,,,,,,,,,,,,,,,,,,,,,,,
3,5,2.0,4,10.0,7.0,7.0,8.0,,,,,,,,,,,,,,,,,,,,,,,,,,,,,,,,,,,,
2,2,2.0,2,1.0,2.0,,,,,,,,,,,,,,,,,,,,,,,,,,,,,,,,,,,,,,
17,5,5.0,0,,,,,,,,,,,,,,,,,,,,,,,,,,,,,,,,,,,,,,,,
18,5,,0,,,,,,,,,,,,,,,,,,,,,,,,,,,,,,,,,,,,,,,,
17,5,5.0,1,5.0,,,,,,,,,,,,,,,,,,,,,,,,,,,,,,,,,,,,,,,
15,5,3.0,3,8.0,9.0,5.0,,,,,,,,,,,,,,,,,,,,,,,,,,,,,,,,,,,,,
18,5,3.0,3,5.0,5.0,5.0,,,,,,,,,,,,,,,,,,,,,,,,,,,,,,,,,,,,,
17,5,3.0,5,5.0,8.0,8.0,4.0,5.0,,,,,,,,,,,,,,,,,,,,,,,,,,,,,,,,,,,
16,5,4.0,5,5.0,7.0,10.0,5.0,8.0,,,,,,,,,,,,,,,,,,,,,,,,,,,,,,,,,,,
17,5,3.0,4,5.0,5.0,6.0,5.0,,,,,,,,,,,,,,,,,,,,,,,,,,,,,,,,,,,,
17,5,2.0,3,7.0,7.0,3.0,,,,,,,,,,,,,,,,,,,,,,,,,,,,,,,,,,,,,
15,5,3.0,3,4.0,4.0,4.0,,,,,,,,,,,,,,,,,,,,,,,,,,,,,,,,,,,,,
17,5,,5,3.0,4.0,11.0,9.0,8.0,,,,,,,,,,,,,,,,,,,,,,,,,,,,,,,,,,,
18,5,3.0,0,,,,,,,,,,,,,,,,,,,,,,,,,,,,,,,,,,,,,,,,
17,5,,3,9.0,8.0,6.0,,,,,,,,,,,,,,,,,,,,,,,,,,,,,,,,,,,,,
18,5,3.0,10,5.0,5.0,5.0,5.0,5.0,5.0,5.0,5.0,5.0,5.0,,,,,,,,,,,,,,,,,,,,,,,,,,,,,,
18,5,,0,,,,,,,,,,,,,,,,,,,,,,,,,,,,,,,,,,,,,,,,
17,5,5.0,5,5.0,8.0,5.0,5.0,5.0,,,,,,,,,,,,,,,,,,,,,,,,,,,,,,,,,,,
16,5,4.0,4,9.0,8.0,5.0,5.0,,,,,,,,,,,,,,,,,,,,,,,,,,,,,,,,,,,,
18,5,6.0,5,5.0,5.0,5.0,5.0,5.0,,,,,,,,,,,,,,,,,,,,,,,,,,,,,,,,,,,
18,5,,2,5.0,10.0,,,,,,,,,,,,,,,,,,,,,,,,,,,,,,,,,,,,,,
16,5,3.0,4,3.0,3.0,8.0,8.0,,,,,,,,,,,,,,,,,,,,,,,,,,,,,,,,,,,,
18,5,2.0,3,8.0,4.0,4.0,,,,,,,,,,,,,,,,,,,,,,,,,,,,,,,,,,,,,
16,5,2.0,0,,,,,,,,,,,,,,,,,,,,,,,,,,,,,,,,,,,,,,,,
16,5,2.0,2,5.0,5.0,,,,,,,,,,,,,,,,,,,,,,,,,,,,,,,,,,,,,,
18,5,3.0,2,9.0,6.0,,,,,,,,,,,,,,,,,,,,,,,,,,,,,,,,,,,,,,
17,5,3.0,0,,,,,,,,,,,,,,,,,,,,,,,,,,,,,,,,,,,,,,,,
17,5,,4,6.0,8.0,9.0,5.0,,,,,,,,,,,,,,,,,,,,,,,,,,,,,,,,,,,,
16,5,3.0,8,5.0,5.0,5.0,5.0,5.0,5.0,5.0,5.0,,,,,,,,,,,,,,,,,,,,,,,,,,,,,,,,
16,5,4.0,4,5.0,8.0,8.0,8.0,,,,,,,,,,,,,,,,,,,,,,,,,,,,,,,,,,,,
17,5,4.0,4,5.0,5.0,5.0,9.0,,,,,,,,,,,,,,,,,,,,,,,,,,,,,,,,,,,,
16,5,6.0,4,5.0,5.0,9.0,7.0,,,,,,,,,,,,,,,,,,,,,,,,,,,,,,,,,,,,
1,5,2.0,2,7.0,7.0,,,,,,,,,,,,,,,,,,,,,,,,,,,,,,,,,,,,,,
8,5,,3,3.0,8.0,8.0,,,,,,,,,,,,,,,,,,,,,,,,,,,,,,,,,,,,,
1,5,,0,,,,,,,,,,,,,,,,,,,,,,,,,,,,,,,,,,,,,,,,
17,5,6.0,3,5.0,4.0,11.0,,,,,,,,,,,,,,,,,,,,,,,,,,,,,,,,,,,,,
17,5,3.0,2,4.0,3.0,,,,,,,,,,,,,,,,,,,,,,,,,,,,,,,,,,,,,,
17,5,2.0,4,9.0,9.0,6.0,9.0,,,,,,,,,,,,,,,,,,,,,,,,,,,,,,,,,,,,
3,5,4.0,5,2.0,1.0,1.0,2.0,2.0,,,,,,,,,,,,,,,,,,,,,,,,,,,,,,,,,,,
18,5,2.0,1,5.0,,,,,,,,,,,,,,,,,,,,,,,,,,,,,,,,,,,,,,,
9,5,3.0,2,10.0,3.0,,,,,,,,,,,,,,,,,,,,,,,,,,,,,,,,,,,,,,
4,5,4.0,3,7.0,7.0,7.0,,,,,,,,,,,,,,,,,,,,,,,,,,,,,,,,,,,,,
5,5,2.0,4,2.0,10.0,10.0,7.0,,,,,,,,,,,,,,,,,,,,,,,,,,,,,,,,,,,,
17,5,3.0,3,9.0,8.0,6.0,,,,,,,,,,,,,,,,,,,,,,,,,,,,,,,,,,,,,
1,5,2.0,4,1.0,2.0,1.0,2.0,,,,,,,,,,,,,,,,,,,,,,,,,,,,,,,,,,,,
5,5,,3,8.0,8.0,2.0,,,,,,,,,,,,,,,,,,,,,,,,,,,,,,,,,,,,,
2,5,3.0,3,7.0,7.0,7.0,,,,,,,,,,,,,,,,,,,,,,,,,,,,,,,,,,,,,
18,5,3.0,3,5.0,6.0,5.0,,,,,,,,,,,,,,,,,,,,,,,,,,,,,,,,,,,,,
8,5,3.0,3,7.0,7.0,6.0,,,,,,,,,,,,,,,,,,,,,,,,,,,,,,,,,,,,,
15,5,3.0,4,9.0,9.0,4.0,4.0,,,,,,,,,,,,,,,,,,,,,,,,,,,,,,,,,,,,
1,5,2.0,2,7.0,7.0,,,,,,,,,,,,,,,,,,,,,,,,,,,,,,,,,,,,,,
6,5,3.0,2,7.0,7.0,,,,,,,,,,,,,,,,,,,,,,,,,,,,,,,,,,,,,,
2,5,2.0,6,9.0,7.0,7.0,1.0,1.0,1.0,,,,,,,,,,,,,,,,,,,,,,,,,,,,,,,,,,
2,5,3.0,5,1.0,2.0,7.0,7.0,7.0,,,,,,,,,,,,,,,,,,,,,,,,,,,,,,,,,,,
7,5,5.0,2,8.0,7.0,,,,,,,,,,,,,,,,,,,,,,,,,,,,,,,,,,,,,,
1,5,,6,7.0,1.0,2.0,3.0,7.0,7.0,,,,,,,,,,,,,,,,,,,,,,,,,,,,,,,,,,
7,5,3.0,2,7.0,7.0,,,,,,,,,,,,,,,,,,,,,,,,,,,,,,,,,,,,,,
3,5,2.0,1,8.0,,,,,,,,,,,,,,,,,,,,,,,,,,,,,,,,,,,,,,,
1,5,,5,2.0,7.0,7.0,9.0,9.0,,,,,,,,,,,,,,,,,,,,,,,,,,,,,,,,,,,
16,5,3.0,2,10.0,3.0,,,,,,,,,,,,,,,,,,,,,,,,,,,,,,,,,,,,,,
11,5,4.0,3,7.0,7.0,3.0,,,,,,,,,,,,,,,,,,,,,,,,,,,,,,,,,,,,,
15,5,6.0,4,4.0,5.0,4.0,4.0,,,,,,,,,,,,,,,,,,,,,,,,,,,,,,,,,,,,
8,5,4.0,5,3.0,8.0,8.0,10.0,7.0,,,,,,,,,,,,,,,,,,,,,,,,,,,,,,,,,,,
16,5,,4,5.0,8.0,3.0,9.0,,,,,,,,,,,,,,,,,,,,,,,,,,,,,,,,,,,,
8,5,3.0,4,8.0,7.0,3.0,3.0,,,,,,,,,,,,,,,,,,,,,,,,,,,,,,,,,,,,
15,5,2.0,2,4.0,11.0,,,,,,,,,,,,,,,,,,,,,,,,,,,,,,,,,,,,,,
16,5,4.0,3,9.0,9.0,5.0,,,,,,,,,,,,,,,,,,,,,,,,,,,,,,,,,,,,,
15,5,4.0,5,5.0,9.0,8.0,5.0,5.0,,,,,,,,,,,,,,,,,,,,,,,,,,,,,,,,,,,
15,5,4.0,11,4.0,3.0,8.0,8.0,8.0,7.0,10.0,4.0,6.0,4.0,11.0,,,,,,,,,,,,,,,,,,,,,,,,,,,,,
2,5,2.0,3,8.0,8.0,7.0,,,,,,,,,,,,,,,,,,,,,,,,,,,,,,,,,,,,,
8,5,2.0,3,8.0,8.0,11.0,,,,,,,,,,,,,,,,,,,,,,,,,,,,,,,,,,,,,
15,5,3.0,7,4.0,4.0,6.0,7.0,3.0,5.0,5.0,,,,,,,,,,,,,,,,,,,,,,,,,,,,,,,,,
15,5,3.0,5,4.0,4.0,4.0,4.0,4.0,,,,,,,,,,,,,,,,,,,,,,,,,,,,,,,,,,,
15,5,6.0,8,4.0,4.0,5.0,5.0,5.0,4.0,4.0,2.0,,,,,,,,,,,,,,,,,,,,,,,,,,,,,,,,
15,5,3.0,3,8.0,8.0,6.0,,,,,,,,,,,,,,,,,,,,,,,,,,,,,,,,,,,,,
15,5,4.0,3,7.0,6.0,8.0,,,,,,,,,,,,,,,,,,,,,,,,,,,,,,,,,,,,,
11,5,4.0,2,8.0,8.0,,,,,,,,,,,,,,,,,,,,,,,,,,,,,,,,,,,,,,
1,5,2.0,0,,,,,,,,,,,,,,,,,,,,,,,,,,,,,,,,,,,,,,,,
2,5,2.0,3,7.0,7.0,10.0,,,,,,,,,,,,,,,,,,,,,,,,,,,,,,,,,,,,,
1,5,,2,7.0,7.0,,,,,,,,,,,,,,,,,,,,,,,,,,,,,,,,,,,,,,
10,5,4.0,2,3.0,10.0,,,,,,,,,,,,,,,,,,,,,,,,,,,,,,,,,,,,,,
1,5,,3,2.0,7.0,8.0,,,,,,,,,,,,,,,,,,,,,,,,,,,,,,,,,,,,,
15,5,4.0,0,,,,,,,,,,,,,,,,,,,,,,,,,,,,,,,,,,,,,,,,
11,5,4.0,3,9.0,9.0,11.0,,,,,,,,,,,,,,,,,,,,,,,,,,,,,,,,,,,,,
1,5,,1,1.0,,,,,,,,,,,,,,,,,,,,,,,,,,,,,,,,,,,,,,,
3,5,4.0,0,,,,,,,,,,,,,,,,,,,,,,,,,,,,,,,,,,,,,,,,
6,5,4.0,3,7.0,7.0,7.0,,,,,,,,,,,,,,,,,,,,,,,,,,,,,,,,,,,,,
15,5,3.0,10,5.0,7.0,8.0,2.0,7.0,6.0,9.0,9.0,6.0,8.0,,,,,,,,,,,,,,,,,,,,,,,,,,,,,,
15,5,2.0,5,8.0,8.0,4.0,10.0,6.0,,,,,,,,,,,,,,,,,,,,,,,,,,,,,,,,,,,
15,5,4.0,2,4.0,4.0,,,,,,,,,,,,,,,,,,,,,,,,,,,,,,,,,,,,,,
13,5,3.0,1,4.0,,,,,,,,,,,,,,,,,,,,,,,,,,,,,,,,,,,,,,,
7,5,4.0,2,7.0,9.0,,,,,,,,,,,,,,,,,,,,,,,,,,,,,,,,,,,,,,
15,5,4.0,2,4.0,4.0,,,,,,,,,,,,,,,,,,,,,,,,,,,,,,,,,,,,,,
15,5,2.0,3,5.0,8.0,8.0,,,,,,,,,,,,,,,,,,,,,,,,,,,,,,,,,,,,,
15,5,2.0,4,4.0,8.0,3.0,8.0,,,,,,,,,,,,,,,,,,,,,,,,,,,,,,,,,,,,
7,5,6.0,2,7.0,7.0,,,,,,,,,,,,,,,,,,,,,,,,,,,,,,,,,,,,,,
1,5,,2,8.0,8.0,,,,,,,,,,,,,,,,,,,,,,,,,,,,,,,,,,,,,,
2,5,3.0,3,7.0,7.0,10.0,,,,,,,,,,,,,,,,,,,,,,,,,,,,,,,,,,,,,
15,5,2.0,1,8.0,,,,,,,,,,,,,,,,,,,,,,,,,,,,,,,,,,,,,,,
0,5,,3,10.0,7.0,7.0,,,,,,,,,,,,,,,,,,,,,,,,,,,,,,,,,,,,,
7,5,4.0,2,8.0,8.0,,,,,,,,,,,,,,,,,,,,,,,,,,,,,,,,,,,,,,
15,5,2.0,5,4.0,8.0,4.0,8.0,8.0,,,,,,,,,,,,,,,,,,,,,,,,,,,,,,,,,,,
15,5,2.0,4,9.0,6.0,9.0,7.0,,,,,,,,,,,,,,,,,,,,,,,,,,,,,,,,,,,,
15,5,,4,8.0,7.0,4.0,8.0,,,,,,,,,,,,,,,,,,,,,,,,,,,,,,,,,,,,
2,5,3.0,3,7.0,7.0,10.0,,,,,,,,,,,,,,,,,,,,,,,,,,,,,,,,,,,,,
15,5,3.0,1,4.0,,,,,,,,,,,,,,,,,,,,,,,,,,,,,,,,,,,,,,,
15,5,5.0,0,,,,,,,,,,,,,,,,,,,,,,,,,,,,,,,,,,,,,,,,
15,5,3.0,5,4.0,4.0,8.0,8.0,7.0,,,,,,,,,,,,,,,,,,,,,,,,,,,,,,,,,,,
6,5,6.0,3,7.0,7.0,2.0,,,,,,,,,,,,,,,,,,,,,,,,,,,,,,,,,,,,,
15,5,3.0,3,4.0,4.0,4.0,,,,,,,,,,,,,,,,,,,,,,,,,,,,,,,,,,,,,
10,5,3.0,2,7.0,7.0,,,,,,,,,,,,,,,,,,,,,,,,,,,,,,,,,,,,,,
1,5,3.0,25,1.0,1.0,1.0,1.0,1.0,1.0,1.0,1.0,2.0,2.0,2.0,2.0,2.0,2.0,2.0,2.0,2.0,2.0,2.0,7.0,7.0,7.0,8.0,7.0,7.0,,,,,,,,,,,,,,,
8,5,3.0,6,7.0,7.0,7.0,7.0,10.0,10.0,,,,,,,,,,,,,,,,,,,,,,,,,,,,,,,,,,
15,5,2.0,1,6.0,,,,,,,,,,,,,,,,,,,,,,,,,,,,,,,,,,,,,,,
15,5,4.0,9,4.0,4.0,4.0,4.0,4.0,4.0,4.0,4.0,6.0,,,,,,,,,,,,,,,,,,,,,,,,,,,,,,,
7,5,2.0,4,2.0,2.0,2.0,7.0,,,,,,,,,,,,,,,,,,,,,,,,,,,,,,,,,,,,
2,5,2.0,5,10.0,10.0,7.0,7.0,1.0,,,,,,,,,,,,,,,,,,,,,,,,,,,,,,,,,,,
15,5,4.0,3,8.0,8.0,3.0,,,,,,,,,,,,,,,,,,,,,,,,,,,,,,,,,,,,,
4,5,2.0,2,7.0,8.0,,,,,,,,,,,,,,,,,,,,,,,,,,,,,,,,,,,,,,
15,5,,2,12.0,12.0,,,,,,,,,,,,,,,,,,,,,,,,,,,,,,,,,,,,,,
15,5,3.0,1,4.0,,,,,,,,,,,,,,,,,,,,,,,,,,,,,,,,,,,,,,,
15,5,,2,8.0,3.0,,,,,,,,,,,,,,,,,,,,,,,,,,,,,,,,,,,,,,
15,5,3.0,5,4.0,7.0,6.0,8.0,4.0,,,,,,,,,,,,,,,,,,,,,,,,,,,,,,,,,,,
10,5,5.0,0,,,,,,,,,,,,,,,,,,,,,,,,,,,,,,,,,,,,,,,,
8,5,5.0,2,2.0,3.0,,,,,,,,,,,,,,,,,,,,,,,,,,,,,,,,,,,,,,
14,5,2.0,0,,,,,,,,,,,,,,,,,,,,,,,,,,,,,,,,,,,,,,,,
15,5,2.0,1,8.0,,,,,,,,,,,,,,,,,,,,,,,,,,,,,,,,,,,,,,,
15,5,3.0,2,8.0,8.0,,,,,,,,,,,,,,,,,,,,,,,,,,,,,,,,,,,,,,
15,5,2.0,4,7.0,10.0,7.0,8.0,,,,,,,,,,,,,,,,,,,,,,,,,,,,,,,,,,,,
15,5,4.0,3,4.0,4.0,4.0,,,,,,,,,,,,,,,,,,,,,,,,,,,,,,,,,,,,,
8,5,4.0,3,7.0,7.0,3.0,,,,,,,,,,,,,,,,,,,,,,,,,,,,,,,,,,,,,
2,5,,2,7.0,7.0,,,,,,,,,,,,,,,,,,,,,,,,,,,,,,,,,,,,,,
15,5,3.0,2,4.0,4.0,,,,,,,,,,,,,,,,,,,,,,,,,,,,,,,,,,,,,,
15,5,6.0,0,,,,,,,,,,,,,,,,,,,,,,,,,,,,,,,,,,,,,,,,
15,5,4.0,6,8.0,5.0,8.0,3.0,3.0,8.0,,,,,,,,,,,,,,,,,,,,,,,,,,,,,,,,,,
0,5,,1,7.0,,,,,,,,,,,,,,,,,,,,,,,,,,,,,,,,,,,,,,,
1,5,2.0,2,7.0,7.0,,,,,,,,,,,,,,,,,,,,,,,,,,,,,,,,,,,,,,
15,5,2.0,1,4.0,,,,,,,,,,,,,,,,,,,,,,,,,,,,,,,,,,,,,,,
15,5,3.0,3,6.0,9.0,9.0,,,,,,,,,,,,,,,,,,,,,,,,,,,,,,,,,,,,,
4,5,4.0,9,10.0,10.0,8.0,7.0,2.0,2.0,8.0,2.0,2.0,,,,,,,,,,,,,,,,,,,,,,,,,,,,,,,
15,5,5.0,5,4.0,8.0,3.0,4.0,11.0,,,,,,,,,,,,,,,,,,,,,,,,,,,,,,,,,,,
14,5,5.0,4,7.0,9.0,11.0,4.0,,,,,,,,,,,,,,,,,,,,,,,,,,,,,,,,,,,,
0,5,,0,,,,,,,,,,,,,,,,,,,,,,,,,,,,,,,,,,,,,,,,
5,5,2.0,2,2.0,8.0,,,,,,,,,,,,,,,,,,,,,,,,,,,,,,,,,,,,,,
8,5,2.0,5,3.0,3.0,8.0,8.0,11.0,,,,,,,,,,,,,,,,,,,,,,,,,,,,,,,,,,,
10,5,3.0,2,3.0,7.0,,,,,,,,,,,,,,,,,,,,,,,,,,,,,,,,,,,,,,
15,5,4.0,4,8.0,3.0,8.0,11.0,,,,,,,,,,,,,,,,,,,,,,,,,,,,,,,,,,,,
15,5,4.0,5,9.0,9.0,4.0,4.0,2.0,,,,,,,,,,,,,,,,,,,,,,,,,,,,,,,,,,,
2,5,3.0,3,9.0,1.0,1.0,,,,,,,,,,,,,,,,,,,,,,,,,,,,,,,,,,,,,
5,5,2.0,3,7.0,7.0,2.0,,,,,,,,,,,,,,,,,,,,,,,,,,,,,,,,,,,,,
15,5,3.0,3,6.0,4.0,4.0,,,,,,,,,,,,,,,,,,,,,,,,,,,,,,,,,,,,,
15,5,4.0,5,4.0,4.0,4.0,4.0,7.0,,,,,,,,,,,,,,,,,,,,,,,,,,,,,,,,,,,
6,5,2.0,2,8.0,8.0,,,,,,,,,,,,,,,,,,,,,,,,,,,,,,,,,,,,,,
15,5,2.0,8,3.0,3.0,10.0,8.0,4.0,8.0,10.0,1.0,,,,,,,,,,,,,,,,,,,,,,,,,,,,,,,,
3,5,4.0,6,1.0,1.0,1.0,1.0,8.0,8.0,,,,,,,,,,,,,,,,,,,,,,,,,,,,,,,,,,
7,5,3.0,2,7.0,7.0,,,,,,,,,,,,,,,,,,,,,,,,,,,,,,,,,,,,,,
12,5,6.0,2,3.0,3.0,,,,,,,,,,,,,,,,,,,,,,,,,,,,,,,,,,,,,,
15,5,2.0,2,4.0,4.0,,,,,,,,,,,,,,,,,,,,,,,,,,,,,,,,,,,,,,
3,5,6.0,1,7.0,,,,,,,,,,,,,,,,,,,,,,,,,,,,,,,,,,,,,,,
15,5,2.0,4,3.0,8.0,8.0,4.0,,,,,,,,,,,,,,,,,,,,,,,,,,,,,,,,,,,,
15,5,3.0,4,4.0,4.0,9.0,4.0,,,,,,,,,,,,,,,,,,,,,,,,,,,,,,,,,,,,
15,5,5.0,5,4.0,4.0,9.0,9.0,6.0,,,,,,,,,,,,,,,,,,,,,,,,,,,,,,,,,,,
15,5,,0,,,,,,,,,,,,,,,,,,,,,,,,,,,,,,,,,,,,,,,,
15,5,2.0,4,9.0,9.0,12.0,5.0,,,,,,,,,,,,,,,,,,,,,,,,,,,,,,,,,,,,
15,5,3.0,5,6.0,6.0,6.0,6.0,6.0,,,,,,,,,,,,,,,,,,,,,,,,,,,,,,,,,,,
4,5,3.0,3,3.0,7.0,6.0,,,,,,,,,,,,,,,,,,,,,,,,,,,,,,,,,,,,,
15,5,4.0,5,4.0,9.0,10.0,9.0,4.0,,,,,,,,,,,,,,,,,,,,,,,,,,,,,,,,,,,
14,5,3.0,0,,,,,,,,,,,,,,,,,,,,,,,,,,,,,,,,,,,,,,,,
15,5,4.0,5,4.0,4.0,4.0,9.0,8.0,,,,,,,,,,,,,,,,,,,,,,,,,,,,,,,,,,,
15,5,5.0,2,4.0,7.0,,,,,,,,,,,,,,,,,,,,,,,,,,,,,,,,,,,,,,
15,5,2.0,0,,,,,,,,,,,,,,,,,,,,,,,,,,,,,,,,,,,,,,,,
15,5,4.0,2,4.0,5.0,,,,,,,,,,,,,,,,,,,,,,,,,,,,,,,,,,,,,,
15,5,4.0,5,4.0,5.0,5.0,5.0,8.0,,,,,,,,,,,,,,,,,,,,,,,,,,,,,,,,,,,
15,5,3.0,2,4.0,5.0,,,,,,,,,,,,,,,,,,,,,,,,,,,,,,,,,,,,,,
15,5,3.0,1,7.0,,,,,,,,,,,,,,,,,,,,,,,,,,,,,,,,,,,,,,,
9,5,6.0,3,3.0,4.0,7.0,,,,,,,,,,,,,,,,,,,,,,,,,,,,,,,,,,,,,
15,5,3.0,5,4.0,4.0,3.0,8.0,8.0,,,,,,,,,,,,,,,,,,,,,,,,,,,,,,,,,,,
12,5,4.0,2,8.0,8.0,,,,,,,,,,,,,,,,,,,,,,,,,,,,,,,,,,,,,,
15,5,4.0,0,,,,,,,,,,,,,,,,,,,,,,,,,,,,,,,,,,,,,,,,
2,5,4.0,4,7.0,7.0,2.0,9.0,,,,,,,,,,,,,,,,,,,,,,,,,,,,,,,,,,,,
15,5,3.0,0,,,,,,,,,,,,,,,,,,,,,,,,,,,,,,,,,,,,,,,,
7,5,4.0,1,7.0,,,,,,,,,,,,,,,,,,,,,,,,,,,,,,,,,,,,,,,
7,5,6.0,2,2.0,3.0,,,,,,,,,,,,,,,,,,,,,,,,,,,,,,,,,,,,,,
15,5,6.0,0,,,,,,,,,,,,,,,,,,,,,,,,,,,,,,,,,,,,,,,,
15,5,3.0,5,4.0,8.0,7.0,6.0,11.0,,,,,,,,,,,,,,,,,,,,,,,,,,,,,,,,,,,
11,5,6.0,4,3.0,7.0,6.0,4.0,,,,,,,,,,,,,,,,,,,,,,,,,,,,,,,,,,,,
13,5,3.0,2,8.0,8.0,,,,,,,,,,,,,,,,,,,,,,,,,,,,,,,,,,,,,,
10,5,2.0,0,,,,,,,,,,,,,,,,,,,,,,,,,,,,,,,,,,,,,,,,
15,5,4.0,6,5.0,5.0,5.0,5.0,5.0,4.0,,,,,,,,,,,,,,,,,,,,,,,,,,,,,,,,,,
8,5,3.0,5,7.0,7.0,3.0,3.0,3.0,,,,,,,,,,,,,,,,,,,,,,,,,,,,,,,,,,,
15,5,3.0,10,4.0,4.0,4.0,4.0,4.0,4.0,4.0,4.0,4.0,4.0,,,,,,,,,,,,,,,,,,,,,,,,,,,,,,
15,5,3.0,5,6.0,4.0,4.0,6.0,3.0,,,,,,,,,,,,,,,,,,,,,,,,,,,,,,,,,,,
13,5,4.0,1,3.0,,,,,,,,,,,,,,,,,,,,,,,,,,,,,,,,,,,,,,,
7,5,4.0,3,2.0,2.0,3.0,,,,,,,,,,,,,,,,,,,,,,,,,,,,,,,,,,,,,
15,5,,2,8.0,9.0,,,,,,,,,,,,,,,,,,,,,,,,,,,,,,,,,,,,,,
7,5,4.0,5,3.0,3.0,3.0,3.0,3.0,,,,,,,,,,,,,,,,,,,,,,,,,,,,,,,,,,,
0,5,,2,7.0,7.0,,,,,,,,,,,,,,,,,,,,,,,,,,,,,,,,,,,,,,
